,Song,Video Title,Views
490,Psycho,,
506,Call Out My Name,The Weeknd - Call Out My Name (Official Video),7831865.0
529,ATM,,
539,Diplomatic Immunity,,
540,Pray For Me,"The Weeknd, Kendrick Lamar - Pray For Me (Audio)",3070722.0
541,Better Now,,
562,Say Something,Justin Timberlake - Say Something (Official Video) ft. Chris Stapleton,2125929.0
579,Paranoid,,
604,Bartier Cardi,,
605,Photograph,,
606,Rich & Sad,,
615,Spoil My Night,,
627,Be Careful,,
628,Ball For Me,,
726,All The Stars,"Kendrick Lamar, SZA - All The Stars (Audio)",1685423.0
732,Stir Fry,Migos - Stir Fry (Audio),487995.0
850,Mercy,Brett Young - Mercy,202721.0
880,Money Bag,,
995,I Like Me Better,,
1162,Let You Down,NF - Let You Down,1774018.0
1178,Friends,Camila Cabello - Real Friends (Audio),1796416.0
1548,River,Breaking Benjamin - Red Cold River (Audio Only),334173.0
1609,Sad!,,
1610,Stay,X Ambassadors - Don't Stay (Audio),110882.0
1645,1985 (Intro To The Fall Off),,
1646,Same Bitches,,
1673,44 More,,
1697,Over Now,,
1758,Ring,,
1759,The Cut Off,,
1775,Takin' Shots,,
1792,Brackets,,
2076,Pray For Me,"The Weeknd, Kendrick Lamar - Pray For Me (Audio)",3070722.0
2249,Plug Walk,,
2670,My Dawg,,
2741,Notice Me,,
2812,IDGAF,,
2819,Gorgeous,,
2820,I Do,BØRNS - I Don't Want U Back,86519.0
2955,Meant To Be,,
3408,Outside Today,,
3480,Plain Jane,,
3495,Say Something,Justin Timberlake - Say Something (Official Video) ft. Chris Stapleton,2125929.0
3853,Marry Me,Thomas Rhett - Marry Me,851835.0
4111,Done For Me,,
4112,Done For Me,,
4411,God's Plan,,
4412,Nice For What,Drake - Nice For What,24421448.0
4432,No Tears Left To Cry,Ariana Grande - No Tears Left To Cry,15873034.0
4456,Look Alive,,
4476,I Like It,,
4477,Kevin's Heart,,
4489,Filthy,Justin Timberlake - Filthy (Official Video),211014.0
4490,Freaky Friday,,
4864,For The First Time,,
4885,I Like Me Better,,
5156,Best Life,,
5181,92 Explorer,,
5259,All The Stars,"Kendrick Lamar, SZA - All The Stars (Audio)",1685423.0
5260,Bickenhead,,
5322,Otherside,,
5323,Shoota,,
5363,The Champion,Carrie Underwood - The Champion (Official Lyric Video) ft. Ludacris,396804.0
5364,Changes,,
5365,Blame It On Me,,
5391,BBO (Bad Bitches Only),,
5392,Cry Pretty,Carrie Underwood - Cry Pretty (Official Music Video),945426.0
5452,Back To You,Selena Gomez - Back To You,7010492.0
5519,Codeine Dreaming,,
5520,Privilege,,
5573,Supastars,,
5757,She Bad,,
5758,OTW,,
5759,Sugar Wraith,,
5803,Beautiful Crazy,,
6525,Juice,,
6866,Never Enough,,
6910,Home,Nick Jonas - Home,172994.0
6927,NBAYoungboat,,
7047,Faking It,,
7090,God's Plan,,
7141,Ric Flair Drip,,
7275,Pills And Automobiles,,
7987,Lemon,,
8029,New Freezer,,
8112,End Game,"Taylor Swift - End Game ft. Ed Sheeran, Future",14089954.0
8431,How Long,,
8554,In My Blood,Shawn Mendes - In My Blood,2822006.0
8572,Marry Me,Thomas Rhett - Marry Me,851835.0
8616,End Game,"Taylor Swift - End Game ft. Ed Sheeran, Future",14089954.0
9042,KOD,,
9110,Motiv8,,
9185,Him & I,G-Eazy & Halsey - Him & I (Official Video),1554273.0
9186,Drip,,
9216,I Do,BØRNS - I Don't Want U Back,86519.0
9231,Esskeetit,,
9277,MIC Drop,,
9364,Finesse,Bruno Mars and Cardi B - Finesse (LIVE From The 60th GRAMMYs ®),4866576.0
9365,Moonlight,,
9366,I Was Never There,,
9381,Narcos,,
9418,Get Up 10,,
9527,Love Lies,Khalid & Normani - Love Lies (Audio),464170.0
9528,Everyday,,
9529,Hurt You,,
9578,Medicine,,
9597,No Excuses,Meghan Trainor - No Excuses,1034355.0
9598,Friends,Camila Cabello - Real Friends (Audio),1796416.0
9624,Echame La Culpa,,
9625,Once An Addict (Interlude),,
9690,Found / Tonight,,
9801,La Modelo,,
9802,Notice Me,,
9843,Intro,,
10002,Mine,Avicii - Friend Of Mine (Original Video) ft. Vargas & Lagola,965999.0
10003,Indica Badu,,
10099,Gummo,,
10100,Money Bag,,
10284,Kooda,,
10285,Never Be The Same,,
10338,One Kiss,"Calvin Harris, Dua Lipa - One Kiss (Lyric Video)",1916118.0
10339,Famous,French Montana - Famous,607810.0
10437,IDGAF,,
10530,Marry Me,Thomas Rhett - Marry Me,851835.0
10810,Get You,,
10997,Faking It,,
11003,Famous,French Montana - Famous,607810.0
11015,Home,Nick Jonas - Home,172994.0
11165,Five More Minutes,,
11184,I Lived It,,
11224,Juice,,
11417,Everything's Gonna Be Alright,,
11692,Most People Are Good,,
11805,Five More Minutes,,
12107,IDGAF,,
12121,Love Lies,Khalid & Normani - Love Lies (Audio),464170.0
12124,No Excuses,Meghan Trainor - No Excuses,1034355.0
12145,Lights Down Low,,
12211,Love So Soft,,
12256,Nowadays,,
12265,Like I Loved You,,
12288,El Farsante,,
12303,I'll Name The Dogs,,
12534,Dusk Till Dawn,,
12539,Dura,,
12607,Echame La Culpa,,
12644,Losing Sleep,,
12698,Everyday,,
12847,I Like Me Better,,
12865,La Modelo,,
13034,Singles You Up,,
13255,Betrayed,,
13280,Pick It Up,,
13308,Candy Paint,,
13370,Rubbin Off The Paint,,
13409,Round Here Buzz,,
13551,Red Roses,,
13942,Codeine Dreaming,,
14281,Diamond Teeth Samurai,,
14341,Billy,,
14342,Contra,,
14343,Say Amen (Saturday Night),,
14495,Plug Walk,,
14727,Sick Boy,The Chainsmokers - Sick Boy,1448694.0
14728,A$AP Forever,,
14952,Paramedic!,,
15055,Overnight,,
15418,Black & Chinese,,
15419,Outside Today,,
15420,Supplies,Justin Timberlake - Supplies (Official Video),2314738.0
15421,Big Shot,,
15571,Dark Knight Dummo,,
15572,Babe,Sugarland - Babe (Static Video) ft. Taylor Swift,559040.0
15612,Nice For What,Drake - Nice For What,24421448.0
15665,Finesse,Bruno Mars and Cardi B - Finesse (LIVE From The 60th GRAMMYs ®),4866576.0
15861,Freaky Friday,,
15903,Look Alive,,
16089,Gummo,,
16361,Him & I,G-Eazy & Halsey - Him & I (Official Video),1554273.0
16425,MotorSport,"Migos, Nicki Minaj, Cardi B - MotorSport",4514272.0
16485,I Like It,,
16511,Mine,Avicii - Friend Of Mine (Original Video) ft. Vargas & Lagola,965999.0
17165,Bartier Cardi,,
17935,Sad!,,
18005,Outside Today,,
18035,Say Something,Justin Timberlake - Say Something (Official Video) ft. Chris Stapleton,2125929.0
18411,New Freezer,,
18903,Japan,,
18990,Lemon,,
19201,Most People Are Good,,
19316,No Excuses,Meghan Trainor - No Excuses,1034355.0
19403,Dura,,
19505,NBAYoungboat,,
19573,KEKE,,
19574,Lost In Japan,,
19674,Eye 2 Eye,,
19867,Go Legend,,
19970,Modern Slavery,,
20074,Female,Keith Urban - Female (Lyric Video),55467.0
20188,Japan,,
20476,Friends,Camila Cabello - Real Friends (Audio),1796416.0
20477,In My Blood,Shawn Mendes - In My Blood,2822006.0
20624,Gang Gang,,
20625,Man Of The Woods,,
20626,Let Me,"Hailee Steinfeld, Alesso - Let Me Go ft. Florida Georgia Line, watt",751525.0
20627,Jonestown (Interlude),,
20782,Midnight,Chris Stapleton - Midnight Train To Memphis (Live From SNL Studios/2018),140430.0
20783,Lucid Dreams,,
20949,New Freezer,,
21345,My Dawg,,
21346,Me Niego,,
22002,One Foot,,
22003,My My My!,Troye Sivan - My My My!,1796354.0
22004,Gucci Flip Flops,,
22162,Hardaway,,
22187,I Lived It,,
22672,God's Plan,,
22922,Gucci Gang,,
22923,Finesse,Bruno Mars and Cardi B - Finesse (LIVE From The 60th GRAMMYs ®),4866576.0
23527,Look Alive,,
23617,MotorSport,"Migos, Nicki Minaj, Cardi B - MotorSport",4514272.0
23755,No Limit,"G-Eazy - No Limit REMIX ft. A$AP Rocky, Cardi B, French Montana, Juicy J, Belly",5050147.0
23810,Mine,Avicii - Friend Of Mine (Original Video) ft. Vargas & Lagola,965999.0
24014,Him & I,G-Eazy & Halsey - Him & I (Official Video),1554273.0
24350,Let You Down,NF - Let You Down,1774018.0
24405,Meant To Be,,
25852,Filthy,Justin Timberlake - Filthy (Official Video),211014.0
25952,Japan,,
26258,In My Blood,Shawn Mendes - In My Blood,2822006.0
26360,King's Dead,"Jay Rock, Kendrick Lamar, Future, James Blake - King's Dead",4014741.0
26409,Marry Me,Thomas Rhett - Marry Me,851835.0
26478,End Game,"Taylor Swift - End Game ft. Ed Sheeran, Future",14089954.0
26670,Friends,Camila Cabello - Real Friends (Audio),1796416.0
26732,New Freezer,,
26794,Meant To Be,,
27331,Never Enough,,
27510,God's Plan,,
27511,Nice For What,Drake - Nice For What,24421448.0
27560,Finesse,Bruno Mars and Cardi B - Finesse (LIVE From The 60th GRAMMYs ®),4866576.0
27587,Look Alive,,
27633,Freaky Friday,,
27658,No Tears Left To Cry,Ariana Grande - No Tears Left To Cry,15873034.0
27757,MotorSport,"Migos, Nicki Minaj, Cardi B - MotorSport",4514272.0
27785,I Like It,,
28046,Him & I,G-Eazy & Halsey - Him & I (Official Video),1554273.0
28306,Mine,Avicii - Friend Of Mine (Original Video) ft. Vargas & Lagola,965999.0
28326,Japan,,
28397,In My Blood,Shawn Mendes - In My Blood,2822006.0
28525,Filthy,Justin Timberlake - Filthy (Official Video),211014.0
29044,End Game,"Taylor Swift - End Game ft. Ed Sheeran, Future",14089954.0
29554,Marry Me,Thomas Rhett - Marry Me,851835.0
29852,Rockstar,,
30067,Psycho,,
30728,Stir Fry,Migos - Stir Fry (Audio),487995.0
31034,Bad At Love,,
31152,All The Stars,"Kendrick Lamar, SZA - All The Stars (Audio)",1685423.0
31664,...Ready For It?,,
31848,Pray For Me,"The Weeknd, Kendrick Lamar - Pray For Me (Audio)",3070722.0
32085,Plug Walk,,
32086,Bartier Cardi,,
32254,River,Breaking Benjamin - Red Cold River (Audio Only),334173.0
32600,Dura,,
32892,For You (Fifty Shades Freed),"Liam Payne, Rita Ora - For You (Fifty Shades Freed)",2393825.0
32893,No Name,,
32894,Numb,Luke Combs - One Number Away (Lyric Video),20956.0
33191,Dubai Shit,,
33192,Higher We Go (Intro),,
33193,Infinity (888),,
33503,One Number Away,Luke Combs - One Number Away (Lyric Video),20956.0
33504,Guatemala,,
33828,Nowadays,,
33829,Get Along,,
34187,End Game,"Taylor Swift - End Game ft. Ed Sheeran, Future",14089954.0
34188,Krippy Kush,,
34548,Huncho Jack,,
34549,Emoji A Chain,,
34933,Never Enough,,
35353,OKRA,,
35875,Home,Nick Jonas - Home,172994.0
35876,Motorcycle Patches,,
35877,Hardaway,,
36159,King's Dead,"Jay Rock, Kendrick Lamar, Future, James Blake - King's Dead",4014741.0
36160,Lust,,
36518,I Miss You,,
36519,IDGAF,,
36520,El Farsante,,
36854,Juice,,
36855,Get You,,
37261,Most People Are Good,,
37688,Going Down!,,
37689,For The First Time,,
37690,Everything's Gonna Be Alright,,
38021,Drip,,
38022,Esskeetit,,
38162,KOD,,
38331,New Freezer,,
38431,Gummo,,
38696,Everyday,,
38702,El Farsante,,
38715,Friends,Camila Cabello - Real Friends (Audio),1796416.0
38828,Kevin's Heart,,
38830,Ghostface Killers,,
38838,Nowadays,,
38853,Dura,,
38981,Narcos,,
39136,La Modelo,,
39852,KEKE,,
40019,Lemon,,
40045,No Excuses,Meghan Trainor - No Excuses,1034355.0
40050,One Kiss,"Calvin Harris, Dua Lipa - One Kiss (Lyric Video)",1916118.0
40412,Love Lies,Khalid & Normani - Love Lies (Audio),464170.0
40610,Kooda,,
40673,One Number Away,Luke Combs - One Number Away (Lyric Video),20956.0
41152,I Do,BØRNS - I Don't Want U Back,86519.0
41353,Moonlight,,
41848,Notice Me,,
42036,Echame La Culpa,,
42042,NBAYoungboat,,
42207,Hardaway,,
42501,One Foot,,
42717,MIC Drop,,
42895,Ice Tray,,
42952,I Fall Apart,,
43013,Gummo,,
43034,Friends,Camila Cabello - Real Friends (Audio),1796416.0
43212,How Long,,
43436,King's Dead,"Jay Rock, Kendrick Lamar, Future, James Blake - King's Dead",4014741.0
43736,Marry Me,Thomas Rhett - Marry Me,851835.0
43962,Lemon,,
44155,Five More Minutes,,
44166,End Game,"Taylor Swift - End Game ft. Ed Sheeran, Future",14089954.0
44208,Greatest Love Story,,
44349,New Freezer,,
44569,Lights Down Low,,
44571,IDGAF,,
44797,Most People Are Good,,
44799,Love So Soft,,
44857,I'll Name The Dogs,,
44859,Like I Loved You,,
44884,Love Lies,Khalid & Normani - Love Lies (Audio),464170.0
45016,No Excuses,Meghan Trainor - No Excuses,1034355.0
45051,Dusk Till Dawn,,
45052,Echame La Culpa,,
45118,I Lived It,,
45156,Dura,,
45190,El Farsante,,
45305,Losing Sleep,,
45309,I Like Me Better,,
45401,Everyday,,
45412,Nowadays,,
45455,La Modelo,,
45913,Hardaway,,
46064,God's Plan,,
46300,Gucci Gang,,
46301,Finesse,Bruno Mars and Cardi B - Finesse (LIVE From The 60th GRAMMYs ®),4866576.0
46733,No Limit,"G-Eazy - No Limit REMIX ft. A$AP Rocky, Cardi B, French Montana, Juicy J, Belly",5050147.0
46764,Look Alive,,
46928,MotorSport,"Migos, Nicki Minaj, Cardi B - MotorSport",4514272.0
47184,Mine,Avicii - Friend Of Mine (Original Video) ft. Vargas & Lagola,965999.0
47275,Him & I,G-Eazy & Halsey - Him & I (Official Video),1554273.0
47314,Let You Down,NF - Let You Down,1774018.0
47450,Meant To Be,,
47607,I Fall Apart,,
47899,Gummo,,
47975,Friends,Camila Cabello - Real Friends (Audio),1796416.0
48242,RONDO,,
48243,66,,
48421,Te Bote,,
48796,Powerglide,,
48978,Overdose,,
49180,Boo'd Up,,
49364,Awful Things,,
49872,Booty,,
49873,Dame Tu Cosita,,
50148,Danger,Thirty Seconds To Mars - Dangerous Night (Audio),199676.0
50437,Barbie Tingz,,
50762,Tequila,,
50763,Delicate,Taylor Swift - Delicate,14820746.0
50877,Love Lies,Khalid & Normani - Love Lies (Audio),464170.0
51167,Echame La Culpa,,
51397,Everyday,,
51403,KEKE,,
51522,Five More Minutes,,
51585,One Number Away,Luke Combs - One Number Away (Lyric Video),20956.0
51598,Hardaway,,
51612,El Farsante,,
51674,I Lived It,,
51918,Lights Down Low,,
52035,Nowadays,,
52197,I Like Me Better,,
52202,For The First Time,,
52305,IDGAF,,
52306,MIC Drop,,
52433,La Modelo,,
52586,Kooda,,
52631,One Foot,,
52725,Ghostface Killers,,
52730,Ice Tray,,
52771,Narcos,,
53154,God's Plan,,
53368,Finesse,Bruno Mars and Cardi B - Finesse (LIVE From The 60th GRAMMYs ®),4866576.0
53464,River,Breaking Benjamin - Red Cold River (Audio Only),334173.0
53996,Powerglide,,
54785,Singles You Up,,
54947,Ric Flair Drip,,
55042,Plain Jane,,
55130,Delicate,Taylor Swift - Delicate,14820746.0
55371,Rubbin Off The Paint,,
55507,Candy Paint,,
56012,Ric Flair Drip,,
56063,Say Something,Justin Timberlake - Say Something (Official Video) ft. Chris Stapleton,2125929.0
56308,Plain Jane,,
56508,Pills And Automobiles,,
56620,Outside Today,,
56777,Pick It Up,,
56999,Betrayed,,
57083,Singles You Up,,
57141,Round Here Buzz,,
57144,Red Roses,,
57264,Candy Paint,,
57628,Codeine Dreaming,,
57645,Sauce It Up,,
57666,Rubbin Off The Paint,,
58030,Rockstar,,
58789,Bad At Love,,
58830,Stir Fry,Migos - Stir Fry (Audio),487995.0
59283,All The Stars,"Kendrick Lamar, SZA - All The Stars (Audio)",1685423.0
59703,Plug Walk,,
59896,Pray For Me,"The Weeknd, Kendrick Lamar - Pray For Me (Audio)",3070722.0
59943,...Ready For It?,,
59974,Plain Jane,,
60237,Bartier Cardi,,
60554,River,Breaking Benjamin - Red Cold River (Audio Only),334173.0
60560,Ric Flair Drip,,
60784,Outside Today,,
60793,Pills And Automobiles,,
61059,Roll In Peace,,
61089,Pick It Up,,
61551,One Kiss,"Calvin Harris, Dua Lipa - One Kiss (Lyric Video)",1916118.0
61825,El Farsante,,
61934,Let You Down,NF - Let You Down,1774018.0
61964,Love Lies,Khalid & Normani - Love Lies (Audio),464170.0
62105,Dura,,
62241,No Excuses,Meghan Trainor - No Excuses,1034355.0
62600,Most People Are Good,,
62634,Esskeetit,,
62940,Lemon,,
63111,Drip,,
63445,Narcos,,
63558,MIC Drop,,
63866,Everyday,,
63890,Hardaway,,
63977,Nowadays,,
63989,One Number Away,Luke Combs - One Number Away (Lyric Video),20956.0
64057,Get Along,,
64252,Kooda,,
64348,Echame La Culpa,,
64393,One Foot,,
64446,Ghostface Killers,,
64520,La Modelo,,
64590,KEKE,,
64636,Five More Minutes,,
64751,Ice Tray,,
64930,I Lived It,,
65007,I Like Me Better,,
65149,Moonlight,,
65233,For The First Time,,
65432,My Dawg,,
65522,Notice Me,,
65690,I Do,BØRNS - I Don't Want U Back,86519.0
65808,IDGAF,,
65853,Juice,,
65915,God's Plan,,
65971,Nice For What,Drake - Nice For What,24421448.0
66038,Finesse,Bruno Mars and Cardi B - Finesse (LIVE From The 60th GRAMMYs ®),4866576.0
66536,Look Alive,,
66685,MotorSport,"Migos, Nicki Minaj, Cardi B - MotorSport",4514272.0
67074,Freaky Friday,,
67599,Him & I,G-Eazy & Halsey - Him & I (Official Video),1554273.0
67718,Mine,Avicii - Friend Of Mine (Original Video) ft. Vargas & Lagola,965999.0
67874,End Game,"Taylor Swift - End Game ft. Ed Sheeran, Future",14089954.0
67882,Gummo,,
68244,Let You Down,NF - Let You Down,1774018.0
68324,King's Dead,"Jay Rock, Kendrick Lamar, Future, James Blake - King's Dead",4014741.0
68514,I Fall Apart,,
68522,Friends,Camila Cabello - Real Friends (Audio),1796416.0
68641,In My Blood,Shawn Mendes - In My Blood,2822006.0
68796,Meant To Be,,
69142,How Long,,
69757,Marry Me,Thomas Rhett - Marry Me,851835.0
69835,Japan,,
70217,One Number Away,Luke Combs - One Number Away (Lyric Video),20956.0
70242,New Freezer,,
70425,Most People Are Good,,
70484,Lemon,,
70798,Dura,,
70990,Love Lies,Khalid & Normani - Love Lies (Audio),464170.0
71060,Echame La Culpa,,
71127,No Excuses,Meghan Trainor - No Excuses,1034355.0
71349,Five More Minutes,,
71352,Hardaway,,
71387,Nowadays,,
71413,Like I Loved You,,
71784,Rewrite The Stars,,
71785,Auto Pilot,,
72138,Sit Next To Me,,
72868,Boom!,,
73288,Anybody,,
74114,Black Panther,,
74115,Stranger Things,Kygo - Stranger Things ft. OneRepublic,753671.0
74481,Saint,,
74482,Corazon,,
74483,At The Club,,
74484,Take Back Home Girl,,
74485,Chun-Li,Nicki Minaj - Chun-Li,5294561.0
74486,All Girls Are The Same,,
74853,Betrayed,,
75235,Stir Fry,Migos - Stir Fry (Audio),487995.0
75236,Singles You Up,,
75649,Beautiful Trauma,P!nk - Beautiful Trauma (Official Video),2484089.0
75650,Bella y Sensual,,
76042,CC,,
76043,She's With Me,,
76044,Tempo,,
76045,Proud,,
76459,Pick It Up,,
76460,BoomTrap Protocol,,
77081,Get Along,,
77133,Most People Are Good,,
77363,My Dawg,,
77592,I Lived It,,
77838,Everything's Gonna Be Alright,,
77909,I Like Me Better,,
78085,Five More Minutes,,
78480,IDGAF,,
78707,Get You,,
78772,No Roots,,
78805,Faking It,,
78859,Never Enough,,
78945,For The First Time,,
78985,King's Dead,"Jay Rock, Kendrick Lamar, Future, James Blake - King's Dead",4014741.0
79001,Home,Nick Jonas - Home,172994.0
79060,Juice,,
79102,God's Plan,,
79103,Nice For What,Drake - Nice For What,24421448.0
79204,Finesse,Bruno Mars and Cardi B - Finesse (LIVE From The 60th GRAMMYs ®),4866576.0
79248,No Tears Left To Cry,Ariana Grande - No Tears Left To Cry,15873034.0
79249,Look Alive,,
79291,Freaky Friday,,
79475,Gummo,,
79626,MotorSport,"Migos, Nicki Minaj, Cardi B - MotorSport",4514272.0
79647,Him & I,G-Eazy & Halsey - Him & I (Official Video),1554273.0
79923,I Like It,,
79952,Mine,Avicii - Friend Of Mine (Original Video) ft. Vargas & Lagola,965999.0
80365,Japan,,
81174,In My Blood,Shawn Mendes - In My Blood,2822006.0
81889,Marry Me,Thomas Rhett - Marry Me,851835.0
81984,KOD,,
82153,New Freezer,,
82437,End Game,"Taylor Swift - End Game ft. Ed Sheeran, Future",14089954.0
82637,Dura,,
82718,Filthy,Justin Timberlake - Filthy (Official Video),211014.0
82901,Friends,Camila Cabello - Real Friends (Audio),1796416.0
83011,Esskeetit,,
83113,Meant To Be,,
83327,No Excuses,Meghan Trainor - No Excuses,1034355.0
83475,El Farsante,,
83797,Drip,,
83800,Love Lies,Khalid & Normani - Love Lies (Audio),464170.0
84337,One Kiss,"Calvin Harris, Dua Lipa - One Kiss (Lyric Video)",1916118.0
84444,Narcos,,
84618,Lemon,,
84736,Most People Are Good,,
84872,Ghostface Killers,,
85135,Everyday,,
85137,KEKE,,
85139,La Modelo,,
85271,Hardaway,,
85308,Kevin's Heart,,
85312,Kooda,,
85313,Nowadays,,
85581,King's Dead,"Jay Rock, Kendrick Lamar, Future, James Blake - King's Dead",4014741.0
86119,Ice Tray,,
86227,Echame La Culpa,,
86236,One Number Away,Luke Combs - One Number Away (Lyric Video),20956.0
86283,One Foot,,
86575,Moonlight,,
86687,Five More Minutes,,
86989,MIC Drop,,
87074,Everything's Gonna Be Alright,,
87093,How Long,,
87441,Marry Me,Thomas Rhett - Marry Me,851835.0
87694,King's Dead,"Jay Rock, Kendrick Lamar, Future, James Blake - King's Dead",4014741.0
87848,Most People Are Good,,
87932,Greatest Love Story,,
87989,Lemon,,
87996,Five More Minutes,,
88126,Lights Down Low,,
88190,New Freezer,,
88262,Love Lies,Khalid & Normani - Love Lies (Audio),464170.0
88275,Like I Loved You,,
88385,IDGAF,,
88488,Light It Up,,
88508,I'll Name The Dogs,,
88613,End Game,"Taylor Swift - End Game ft. Ed Sheeran, Future",14089954.0
88756,Love So Soft,,
88788,El Farsante,,
88869,Dusk Till Dawn,,
88875,Losing Sleep,,
88896,Dura,,
88978,Echame La Culpa,,
89027,I Like Me Better,,
89036,F**k Love,,
89061,Jocelyn Flores,,
89088,Nowadays,,
89615,God's Plan,,
89758,Finesse,Bruno Mars and Cardi B - Finesse (LIVE From The 60th GRAMMYs ®),4866576.0
89812,Gucci Gang,,
90070,Look Alive,,
90089,No Limit,"G-Eazy - No Limit REMIX ft. A$AP Rocky, Cardi B, French Montana, Juicy J, Belly",5050147.0
90143,MotorSport,"Migos, Nicki Minaj, Cardi B - MotorSport",4514272.0
90486,Meant To Be,,
90587,Mine,Avicii - Friend Of Mine (Original Video) ft. Vargas & Lagola,965999.0
90607,Let You Down,NF - Let You Down,1774018.0
90660,Him & I,G-Eazy & Halsey - Him & I (Official Video),1554273.0
90721,I Get The Bag,,
90737,I Fall Apart,,
91043,Friends,Camila Cabello - Real Friends (Audio),1796416.0
91154,How Long,,
91364,Gummo,,
91498,Look What You Made Me Do,,
91632,Marry Me,Thomas Rhett - Marry Me,851835.0
92080,Lemon,,
92173,King's Dead,"Jay Rock, Kendrick Lamar, Future, James Blake - King's Dead",4014741.0
92187,Love Lies,Khalid & Normani - Love Lies (Audio),464170.0
92192,Lights Down Low,,
92216,Greatest Love Story,,
92425,Dura,,
92468,Five More Minutes,,
92509,Like I Loved You,,
92609,Light It Up,,
92669,New Freezer,,
92703,Most People Are Good,,
92740,I'll Name The Dogs,,
92757,IDGAF,,
92968,I Like Me Better,,
93039,Echame La Culpa,,
93047,Losing Sleep,,
93083,Dusk Till Dawn,,
93102,Love So Soft,,
93125,F**k Love,,
93199,Jocelyn Flores,,
93238,Nowadays,,
93277,El Farsante,,
93347,End Game,"Taylor Swift - End Game ft. Ed Sheeran, Future",14089954.0
93714,God's Plan,,
93883,Gucci Gang,,
94156,Finesse,Bruno Mars and Cardi B - Finesse (LIVE From The 60th GRAMMYs ®),4866576.0
94170,Look Alive,,
94301,No Limit,"G-Eazy - No Limit REMIX ft. A$AP Rocky, Cardi B, French Montana, Juicy J, Belly",5050147.0
94396,Meant To Be,,
94526,MotorSport,"Migos, Nicki Minaj, Cardi B - MotorSport",4514272.0
94550,Let You Down,NF - Let You Down,1774018.0
94642,I Get The Bag,,
94674,Friends,Camila Cabello - Real Friends (Audio),1796416.0
94702,Mine,Avicii - Friend Of Mine (Original Video) ft. Vargas & Lagola,965999.0
94769,Him & I,G-Eazy & Halsey - Him & I (Official Video),1554273.0
94979,How Long,,
95006,I Fall Apart,,
95077,Gummo,,
95317,Marry Me,Thomas Rhett - Marry Me,851835.0
95756,Lights Down Low,,
95800,Dura,,
95804,Look What You Made Me Do,,
95890,Lemon,,
95896,Like I Loved You,,
95974,King's Dead,"Jay Rock, Kendrick Lamar, Future, James Blake - King's Dead",4014741.0
96150,Greatest Love Story,,
96178,Five More Minutes,,
96297,Light It Up,,
96353,IDGAF,,
96356,I'll Name The Dogs,,
96391,I Like Me Better,,
96462,Losing Sleep,,
96592,New Freezer,,
96771,Most People Are Good,,
96875,Echame La Culpa,,
96907,F**k Love,,
96992,Jocelyn Flores,,
96994,Dusk Till Dawn,,
97164,El Farsante,,
97785,No Smoke,,
97786,I Like Me Better,,
98189,Marry Me,Thomas Rhett - Marry Me,851835.0
98190,Mercy,Brett Young - Mercy,202721.0
98664,Legends,,
98665,Five More Minutes,,
98666,El Bano,,
99137,Make Me Feel,,
99138,I Lived It,,
99139,Gotti,,
99597,Faking It,,
99598,Everybody Hates Me,The Chainsmokers - Everybody Hates Me,3403440.0
99599,No Roots,,
99600,Focus,,
99617,God's Plan,,
99618,Nice For What,Drake - Nice For What,24421448.0
99649,Finesse,Bruno Mars and Cardi B - Finesse (LIVE From The 60th GRAMMYs ®),4866576.0
99661,Look Alive,,
99697,Freaky Friday,,
99704,I Like It,,
99712,No Tears Left To Cry,Ariana Grande - No Tears Left To Cry,15873034.0
99930,In My Blood,Shawn Mendes - In My Blood,2822006.0
99989,Him & I,G-Eazy & Halsey - Him & I (Official Video),1554273.0
100041,Filthy,Justin Timberlake - Filthy (Official Video),211014.0
100056,Everyday,,
100062,Gummo,,
100140,Drip,,
100279,Esskeetit,,
100491,Mine,Avicii - Friend Of Mine (Original Video) ft. Vargas & Lagola,965999.0
100519,I Do,BØRNS - I Don't Want U Back,86519.0
100593,KEKE,,
100621,KOD,,
100862,Kevin's Heart,,
100865,Moonlight,,
101012,El Farsante,,
101015,Narcos,,
101029,Kooda,,
101297,Japan,,
101514,Nowadays,,
101742,Love Lies,Khalid & Normani - Love Lies (Audio),464170.0
101783,Friends,Camila Cabello - Real Friends (Audio),1796416.0
102077,New Freezer,,
102140,La Modelo,,
102219,Dura,,
102530,One Kiss,"Calvin Harris, Dua Lipa - One Kiss (Lyric Video)",1916118.0
103002,No Excuses,Meghan Trainor - No Excuses,1034355.0
103714,Motiv8,,
103716,MIC Drop,,
103938,Notice Me,,
104299,One Number Away,Luke Combs - One Number Away (Lyric Video),20956.0
104867,Echame La Culpa,,
105127,Get Up 10,,
105130,NBAYoungboat,,
105483,Get Along,,
105680,Lemon,,
105702,Gucci Flip Flops,,
106695,End Game,"Taylor Swift - End Game ft. Ed Sheeran, Future",14089954.0
106771,King's Dead,"Jay Rock, Kendrick Lamar, Future, James Blake - King's Dead",4014741.0
106870,My Dawg,,
106876,One Foot,,
107011,Most People Are Good,,
107078,No Roots,,
107112,Krippy Kush,,
107183,Hardaway,,
107321,Medicine,,
107502,IDGAF,,
107525,Losing Sleep,,
107546,Lemon,,
107547,Greatest Love Story,,
107584,Gummo,,
107641,Look What You Made Me Do,,
107726,Light It Up,,
107743,Like I Loved You,,
107885,Say Something,Justin Timberlake - Say Something (Official Video) ft. Chris Stapleton,2125929.0
108010,Betrayed,,
108072,Round Here Buzz,,
108162,Singles You Up,,
108203,Red Roses,,
108217,Candy Paint,,
108434,Sauce It Up,,
108624,Codeine Dreaming,,
108869,Rockstar,,
109324,Bad At Love,,
109586,Stir Fry,Migos - Stir Fry (Audio),487995.0
110083,Pray For Me,"The Weeknd, Kendrick Lamar - Pray For Me (Audio)",3070722.0
110091,Plug Walk,,
110215,All The Stars,"Kendrick Lamar, SZA - All The Stars (Audio)",1685423.0
110514,Plain Jane,,
110946,...Ready For It?,,
110970,Ric Flair Drip,,
111009,Silence,,
111089,Bartier Cardi,,
111292,Pills And Automobiles,,
111408,Roll In Peace,,
111450,Round Here Buzz,,
111470,Outside Today,,
111566,River,Breaking Benjamin - Red Cold River (Audio Only),334173.0
111585,Pick It Up,,
111719,Betrayed,,
111963,Singles You Up,,
111976,Say Something,Justin Timberlake - Say Something (Official Video) ft. Chris Stapleton,2125929.0
112063,Candy Paint,,
112381,Red Roses,,
112431,Sauce It Up,,
112687,Rockstar,,
113005,Bad At Love,,
113419,Stir Fry,Migos - Stir Fry (Audio),487995.0
113470,Pray For Me,"The Weeknd, Kendrick Lamar - Pray For Me (Audio)",3070722.0
113941,Plain Jane,,
113990,All The Stars,"Kendrick Lamar, SZA - All The Stars (Audio)",1685423.0
114190,...Ready For It?,,
114351,Ric Flair Drip,,
114418,Silence,,
114622,Bartier Cardi,,
114743,Pick It Up,,
114834,Pills And Automobiles,,
114837,Roll In Peace,,
114840,Round Here Buzz,,
115099,Betrayed,,
115155,Outside Today,,
115414,Candy Paint,,
115470,Singles You Up,,
115508,River,Breaking Benjamin - Red Cold River (Audio Only),334173.0
115569,Say Something,Justin Timberlake - Say Something (Official Video) ft. Chris Stapleton,2125929.0
115694,Red Roses,,
115912,Sauce It Up,,
116058,Rockstar,,
116326,Bad At Love,,
116717,Stir Fry,Migos - Stir Fry (Audio),487995.0
116990,Plain Jane,,
117137,Bartier Cardi,,
117278,Silence,,
117359,Ric Flair Drip,,
117468,All The Stars,"Kendrick Lamar, SZA - All The Stars (Audio)",1685423.0
117691,Pills And Automobiles,,
117829,Roll In Peace,,
117830,Round Here Buzz,,
117951,...Ready For It?,,
118032,Pick It Up,,
118305,Red Roses,,
118306,A Girl Like You,,
118307,Break Up In The End,,
118308,Sativa,Jhené Aiko - Sativa ft. Rae Sremmurd,1063246.0
118309,Close,,
118310,Preach,,
118738,Criminal,,
118739,Rock,"G-Eazy - No Limit REMIX ft. A$AP Rocky, Cardi B, French Montana, Juicy J, Belly",5050147.0
119189,Perro Fiel,,
119190,Best Friend,,
119191,Broken Clocks,,
119192,Alone,"Halsey - Alone (Audio) ft. Big Sean, Stefflon Don",627239.0
119235,Psycho,,
119295,Chun-Li,Nicki Minaj - Chun-Li,5294561.0
119298,Pray For Me,"The Weeknd, Kendrick Lamar - Pray For Me (Audio)",3070722.0
119303,Be Careful,,
119362,Say Something,Justin Timberlake - Say Something (Official Video) ft. Chris Stapleton,2125929.0
119400,Bartier Cardi,,
119404,Sad!,,
119423,Call Out My Name,The Weeknd - Call Out My Name (Official Video),7831865.0
119482,Better Now,,
119524,Barbie Tingz,,
119919,Paranoid,,
119966,Rich & Sad,,
120011,Ball For Me,,
120111,ATM,,
120208,Dame Tu Cosita,,
120210,Ring,,
120263,Stay,X Ambassadors - Don't Stay (Audio),110882.0
120424,Overdose,,
120665,Spoil My Night,,
120712,Outside Today,,
120848,All The Stars,"Kendrick Lamar, SZA - All The Stars (Audio)",1685423.0
120866,Billy,,
121053,Diplomatic Immunity,,
121378,Codeine Dreaming,,
121518,Changes,,
121778,Diamond Teeth Samurai,,
122179,Over Now,,
122221,Te Bote,,
122327,44 More,,
122348,Paramedic!,,
122482,Same Bitches,,
122624,Delicate,Taylor Swift - Delicate,14820746.0
122668,Takin' Shots,,
122670,Best Life,,
122850,Bickenhead,,
123034,92 Explorer,,
123039,Plug Walk,,
123207,Betrayed,,
123217,Red Roses,,
123658,Boo'd Up,,
123849,Call It What You Want,,
123917,Booty,,
124559,Powerglide,,
125099,Rewrite The Stars,,
125111,Sit Next To Me,,
125286,1985 (Intro To The Fall Off),,
125526,Photograph,,
125540,Rubbin Off The Paint,,
126023,OTW,,
126228,Big Shot,,
126928,Say Amen (Saturday Night),,
127143,Best Friend,,
127566,Otherside,,
127567,BBO (Bad Bitches Only),,
127680,Stir Fry,Migos - Stir Fry (Audio),487995.0
127681,Singles You Up,,
127713,Pick It Up,,
127758,She Bad,,
127759,Sick Boy,The Chainsmokers - Sick Boy,1448694.0
127817,Corazon,,
128240,Pray For Me,"The Weeknd, Kendrick Lamar - Pray For Me (Audio)",3070722.0
128553,For The First Time,,
128591,I Lived It,,
128632,Get Along,,
128706,God's Plan,,
128818,No Limit,"G-Eazy - No Limit REMIX ft. A$AP Rocky, Cardi B, French Montana, Juicy J, Belly",5050147.0
128911,Gucci Gang,,
129108,Meant To Be,,
129132,Finesse,Bruno Mars and Cardi B - Finesse (LIVE From The 60th GRAMMYs ®),4866576.0
129359,Let You Down,NF - Let You Down,1774018.0
129455,I Get The Bag,,
129456,Gummo,,
129526,MotorSport,"Migos, Nicki Minaj, Cardi B - MotorSport",4514272.0
129564,Mine,Avicii - Friend Of Mine (Original Video) ft. Vargas & Lagola,965999.0
129642,Him & I,G-Eazy & Halsey - Him & I (Official Video),1554273.0
129651,How Long,,
129833,I Fall Apart,,
130023,Marry Me,Thomas Rhett - Marry Me,851835.0
130271,Lights Down Low,,
130417,Dura,,
130558,Lemon,,
130640,Like I Loved You,,
130673,Greatest Love Story,,
130724,King's Dead,"Jay Rock, Kendrick Lamar, Future, James Blake - King's Dead",4014741.0
130809,Light It Up,,
130870,Look What You Made Me Do,,
130889,Five More Minutes,,
130988,I'll Name The Dogs,,
130991,Losing Sleep,,
131137,New Freezer,,
131262,Most People Are Good,,
131266,IDGAF,,
131484,F**k Love,,
131593,Jocelyn Flores,,
131624,Echame La Culpa,,
131718,El Farsante,,
131871,Dusk Till Dawn,,
132008,God's Plan,,
132117,No Limit,"G-Eazy - No Limit REMIX ft. A$AP Rocky, Cardi B, French Montana, Juicy J, Belly",5050147.0
132239,Meant To Be,,
132291,Gucci Gang,,
132426,Finesse,Bruno Mars and Cardi B - Finesse (LIVE From The 60th GRAMMYs ®),4866576.0
132460,Let You Down,NF - Let You Down,1774018.0
132538,I Get The Bag,,
132592,Mine,Avicii - Friend Of Mine (Original Video) ft. Vargas & Lagola,965999.0
132753,New Rules,,
132774,I Fall Apart,,
132806,How Long,,
132820,MotorSport,"Migos, Nicki Minaj, Cardi B - MotorSport",4514272.0
132910,Him & I,G-Eazy & Halsey - Him & I (Official Video),1554273.0
132987,Gummo,,
133227,Marry Me,Thomas Rhett - Marry Me,851835.0
133314,Lights Down Low,,
133636,Lemon,,
133676,Like I Loved You,,
133770,I'll Name The Dogs,,
133835,Greatest Love Story,,
133905,Losing Sleep,,
133988,Light It Up,,
134003,King's Dead,"Jay Rock, Kendrick Lamar, Future, James Blake - King's Dead",4014741.0
134086,IDGAF,,
134142,Look What You Made Me Do,,
134164,Five More Minutes,,
134168,Every Little Thing,,
134186,New Freezer,,
134222,Most People Are Good,,
134532,F**k Love,,
134692,Dusk Till Dawn,,
134745,El Farsante,,
134798,Jocelyn Flores,,
134843,Echame La Culpa,,
134948,God's Plan,,
135030,No Limit,"G-Eazy - No Limit REMIX ft. A$AP Rocky, Cardi B, French Montana, Juicy J, Belly",5050147.0
135158,Meant To Be,,
135268,Gucci Gang,,
135298,Let You Down,NF - Let You Down,1774018.0
135415,I Get The Bag,,
135484,Mine,Avicii - Friend Of Mine (Original Video) ft. Vargas & Lagola,965999.0
135528,New Rules,,
135563,I Fall Apart,,
135620,How Long,,
135710,Finesse,Bruno Mars and Cardi B - Finesse (LIVE From The 60th GRAMMYs ®),4866576.0
135833,MotorSport,"Migos, Nicki Minaj, Cardi B - MotorSport",4514272.0
135843,Lights Down Low,,
135885,Him & I,G-Eazy & Halsey - Him & I (Official Video),1554273.0
136196,Marry Me,Thomas Rhett - Marry Me,851835.0
136379,Gummo,,
136420,Greatest Love Story,,
136495,Lemon,,
136581,King's Dead,"Jay Rock, Kendrick Lamar, Future, James Blake - King's Dead",4014741.0
136621,IDGAF,,
136639,Losing Sleep,,
136656,Like I Loved You,,
136729,I'll Name The Dogs,,
136804,Look What You Made Me Do,,
136865,Light It Up,,
136912,Five More Minutes,,
137098,Every Little Thing,,
137375,F**k Love,,
137391,Echame La Culpa,,
137669,No Limit,"G-Eazy - No Limit REMIX ft. A$AP Rocky, Cardi B, French Montana, Juicy J, Belly",5050147.0
137678,Meant To Be,,
137772,Gucci Gang,,
137808,Let You Down,NF - Let You Down,1774018.0
137899,New Rules,,
137961,I Fall Apart,,
138067,How Long,,
138085,I Get The Bag,,
138243,Lights Down Low,,
138344,Finesse,Bruno Mars and Cardi B - Finesse (LIVE From The 60th GRAMMYs ®),4866576.0
138389,MotorSport,"Migos, Nicki Minaj, Cardi B - MotorSport",4514272.0
138576,Him & I,G-Eazy & Halsey - Him & I (Official Video),1554273.0
138821,Marry Me,Thomas Rhett - Marry Me,851835.0
138835,King's Dead,"Jay Rock, Kendrick Lamar, Future, James Blake - King's Dead",4014741.0
138889,Be Careful,,
139061,I'll Name The Dogs,,
139219,Five More Minutes,,
139248,Echame La Culpa,,
139434,F**k Love,,
139594,Meant To Be,,
139712,No Limit,"G-Eazy - No Limit REMIX ft. A$AP Rocky, Cardi B, French Montana, Juicy J, Belly",5050147.0
139775,Let You Down,NF - Let You Down,1774018.0
139861,Gucci Gang,,
139881,New Rules,,
139907,I Fall Apart,,
139950,Lights Down Low,,
139973,How Long,,
140075,I Get The Bag,,
140177,Finesse,Bruno Mars and Cardi B - Finesse (LIVE From The 60th GRAMMYs ®),4866576.0
140355,MotorSport,"Migos, Nicki Minaj, Cardi B - MotorSport",4514272.0
140364,Lemon,,
140485,Him & I,G-Eazy & Halsey - Him & I (Official Video),1554273.0
140633,Look What You Made Me Do,,
140659,Gummo,,
140676,Marry Me,Thomas Rhett - Marry Me,851835.0
140865,Greatest Love Story,,
140886,Like I Loved You,,
140986,Losing Sleep,,
141360,Echame La Culpa,,
141518,Five More Minutes,,
141523,I'll Name The Dogs,,
141634,Meant To Be,,
141751,Mi Gente,,
141806,No Limit,"G-Eazy - No Limit REMIX ft. A$AP Rocky, Cardi B, French Montana, Juicy J, Belly",5050147.0
141817,Let You Down,NF - Let You Down,1774018.0
141845,New Rules,,
141931,I Fall Apart,,
142006,Lights Down Low,,
142038,I Get The Bag,,
142055,Gucci Gang,,
142084,How Long,,
142122,Finesse,Bruno Mars and Cardi B - Finesse (LIVE From The 60th GRAMMYs ®),4866576.0
142261,Lemon,,
142360,MotorSport,"Migos, Nicki Minaj, Cardi B - MotorSport",4514272.0
142634,Greatest Love Story,,
143456,Meant To Be,,
143596,Mi Gente,,
143607,New Rules,,
143621,Let You Down,NF - Let You Down,1774018.0
143674,No Limit,"G-Eazy - No Limit REMIX ft. A$AP Rocky, Cardi B, French Montana, Juicy J, Belly",5050147.0
143735,I Fall Apart,,
143819,I Get The Bag,,
143823,Lights Down Low,,
143983,Gucci Gang,,
144007,How Long,,
144110,MotorSport,"Migos, Nicki Minaj, Cardi B - MotorSport",4514272.0
144163,Lemon,,
144478,Meant To Be,,
144562,Feel It Still,,
144597,New Rules,,
144611,Mi Gente,,
144675,Let You Down,NF - Let You Down,1774018.0
144691,I Fall Apart,,
144713,No Limit,"G-Eazy - No Limit REMIX ft. A$AP Rocky, Cardi B, French Montana, Juicy J, Belly",5050147.0
144769,Lights Down Low,,
144785,I Get The Bag,,
144970,How Long,,
145008,Gucci Gang,,
145317,Meant To Be,,
145367,Feel It Still,,
145416,New Rules,,
145483,Mi Gente,,
145505,Let You Down,NF - Let You Down,1774018.0
145531,I Fall Apart,,
145605,Lights Down Low,,
145609,No Limit,"G-Eazy - No Limit REMIX ft. A$AP Rocky, Cardi B, French Montana, Juicy J, Belly",5050147.0
145721,I Get The Bag,,
145819,Gucci Gang,,
145832,How Long,,
146020,Meant To Be,,
146065,New Rules,,
146087,Feel It Still,,
146181,Mi Gente,,
146209,I Fall Apart,,
146229,Let You Down,NF - Let You Down,1774018.0
146261,Lights Down Low,,
146303,No Limit,"G-Eazy - No Limit REMIX ft. A$AP Rocky, Cardi B, French Montana, Juicy J, Belly",5050147.0
146414,I Get The Bag,,
146605,Meant To Be,,
146643,New Rules,,
146681,Feel It Still,,
146803,I Fall Apart,,
146848,Let You Down,NF - Let You Down,1774018.0
146856,Mi Gente,,
146877,Lights Down Low,,
146901,No Limit,"G-Eazy - No Limit REMIX ft. A$AP Rocky, Cardi B, French Montana, Juicy J, Belly",5050147.0
146975,I Get The Bag,,
147113,Meant To Be,,
147130,New Rules,,
147201,Feel It Still,,
147309,I Fall Apart,,
147311,Mi Gente,,
147366,Let You Down,NF - Let You Down,1774018.0
147383,No Limit,"G-Eazy - No Limit REMIX ft. A$AP Rocky, Cardi B, French Montana, Juicy J, Belly",5050147.0
147433,Lights Down Low,,
147469,I Get The Bag,,
147535,Meant To Be,,
147547,New Rules,,
147645,Feel It Still,,
147742,Mi Gente,,
147770,I Fall Apart,,
147800,No Limit,"G-Eazy - No Limit REMIX ft. A$AP Rocky, Cardi B, French Montana, Juicy J, Belly",5050147.0
147813,Lights Down Low,,
147843,Let You Down,NF - Let You Down,1774018.0
147897,Meant To Be,,
147907,New Rules,,
147935,Feel It Still,,
148099,Mi Gente,,
148112,No Limit,"G-Eazy - No Limit REMIX ft. A$AP Rocky, Cardi B, French Montana, Juicy J, Belly",5050147.0
148140,I Fall Apart,,
148201,Meant To Be,,
148218,New Rules,,
148263,Feel It Still,,
148401,Mi Gente,,
148412,I Fall Apart,,
148490,New Rules,,
148529,Feel It Still,,
148717,New Rules,,
148754,Feel It Still,,
148909,New Rules,,
148952,Feel It Still,,
149076,New Rules,,
149108,Feel It Still,,
149188,Humble.,,
149236,New Rules,,
149262,Feel It Still,,
149553,Look Alive,,
149633,Freaky Friday,,
149879,Gummo,,
149883,MotorSport,"Migos, Nicki Minaj, Cardi B - MotorSport",4514272.0
149895,Him & I,G-Eazy & Halsey - Him & I (Official Video),1554273.0
150321,Mine,Avicii - Friend Of Mine (Original Video) ft. Vargas & Lagola,965999.0
150417,I Like It,,
150706,King's Dead,"Jay Rock, Kendrick Lamar, Future, James Blake - King's Dead",4014741.0
151244,Friends,Camila Cabello - Real Friends (Audio),1796416.0
151920,Marry Me,Thomas Rhett - Marry Me,851835.0
151978,In My Blood,Shawn Mendes - In My Blood,2822006.0
152327,End Game,"Taylor Swift - End Game ft. Ed Sheeran, Future",14089954.0
152399,One Kiss,"Calvin Harris, Dua Lipa - One Kiss (Lyric Video)",1916118.0
152443,Meant To Be,,
152463,How Long,,
152886,New Freezer,,
153403,Let You Down,NF - Let You Down,1774018.0
153456,Love Lies,Khalid & Normani - Love Lies (Audio),464170.0
153863,No Excuses,Meghan Trainor - No Excuses,1034355.0
153868,Dura,,
154100,Japan,,
154326,Most People Are Good,,
154459,Lemon,,
154932,Echame La Culpa,,
154933,El Farsante,,
155001,Get Along,,
155082,One Foot,,
155281,One Number Away,Luke Combs - One Number Away (Lyric Video),20956.0
155332,Drip,,
155429,Nowadays,,
155591,Hardaway,,
155657,Kooda,,
155723,MIC Drop,,
155725,Narcos,,
155852,Everyday,,
155901,Lights Down Low,,
156033,La Modelo,,
156128,I Like Me Better,,
156140,Ghostface Killers,,
156194,KEKE,,
156265,Five More Minutes,,
156376,Ice Tray,,
156525,Filthy,Justin Timberlake - Filthy (Official Video),211014.0
156540,For The First Time,,
156670,Moonlight,,
156718,I Lived It,,
156764,IDGAF,,
156787,My Dawg,,
156963,God's Plan,,
157140,Finesse,Bruno Mars and Cardi B - Finesse (LIVE From The 60th GRAMMYs ®),4866576.0
157375,Look Alive,,
157447,MotorSport,"Migos, Nicki Minaj, Cardi B - MotorSport",4514272.0
157973,Freaky Friday,,
158275,Him & I,G-Eazy & Halsey - Him & I (Official Video),1554273.0
158517,Mine,Avicii - Friend Of Mine (Original Video) ft. Vargas & Lagola,965999.0
158684,Gummo,,
159518,King's Dead,"Jay Rock, Kendrick Lamar, Future, James Blake - King's Dead",4014741.0
159617,At The Club,,
159759,Blame It On Me,,
159868,She's With Me,,
160307,Cry Pretty,Carrie Underwood - Cry Pretty (Official Music Video),945426.0
160492,Beautiful Trauma,P!nk - Beautiful Trauma (Official Video),2484089.0
160754,Beautiful Crazy,,
160784,Proud,,
161010,Psycho,,
161043,Sad!,,
161072,Pray For Me,"The Weeknd, Kendrick Lamar - Pray For Me (Audio)",3070722.0
161180,Bartier Cardi,,
161202,Be Careful,,
161251,Call Out My Name,The Weeknd - Call Out My Name (Official Video),7831865.0
161590,Better Now,,
161872,Say Something,Justin Timberlake - Say Something (Official Video) ft. Chris Stapleton,2125929.0
162196,Dame Tu Cosita,,
162307,Changes,,
162636,Te Bote,,
162942,Outside Today,,
163035,44 More,,
163230,Chun-Li,Nicki Minaj - Chun-Li,5294561.0
163469,Billy,,
163580,Ball For Me,,
163695,Powerglide,,
163703,Overdose,,
163784,Delicate,Taylor Swift - Delicate,14820746.0
163822,Rubbin Off The Paint,,
163946,Paranoid,,
163950,All The Stars,"Kendrick Lamar, SZA - All The Stars (Audio)",1685423.0
164099,Rich & Sad,,
164226,Plug Walk,,
164271,ATM,,
164276,Ric Flair Drip,,
164848,Spoil My Night,,
165312,Boo'd Up,,
165401,Codeine Dreaming,,
165745,Stay,X Ambassadors - Don't Stay (Audio),110882.0
166149,Betrayed,,
166804,Rewrite The Stars,,
166884,Ring,,
167129,Sit Next To Me,,
167226,Stir Fry,Migos - Stir Fry (Audio),487995.0
167424,Red Roses,,
167748,Paramedic!,,
168040,Singles You Up,,
168051,Barbie Tingz,,
168617,Best Friend,,
168689,OTW,,
168807,Pick It Up,,
168833,Diplomatic Immunity,,
169329,At The Club,,
169412,Corazon,,
169465,Rap Saved Me,,
169593,Over Now,,
169597,Diamond Teeth Samurai,,
169599,Booty,,
169882,Pick It Up,,
169895,Codeine Dreaming,,
170049,Betrayed,,
170084,Red Roses,,
170094,Round Here Buzz,,
170265,Changes,,
170283,Sit Next To Me,,
170470,Billy,,
170602,She's With Me,,
170845,Rockstar,,
171271,Psycho,,
171835,Stir Fry,Migos - Stir Fry (Audio),487995.0
171923,All The Stars,"Kendrick Lamar, SZA - All The Stars (Audio)",1685423.0
172150,Plug Walk,,
172325,Pray For Me,"The Weeknd, Kendrick Lamar - Pray For Me (Audio)",3070722.0
173370,Bartier Cardi,,
173962,Say Something,Justin Timberlake - Say Something (Official Video) ft. Chris Stapleton,2125929.0
174160,Outside Today,,
174450,Powerglide,,
174750,River,Breaking Benjamin - Red Cold River (Audio Only),334173.0
174925,Delicate,Taylor Swift - Delicate,14820746.0
175171,Everyday,,
175215,Lights Down Low,,
175339,El Farsante,,
175465,For The First Time,,
175468,IDGAF,,
175532,I Like Me Better,,
175552,Losing Sleep,,
175804,I Lived It,,
175915,MIC Drop,,
175975,La Modelo,,
176040,Narcos,,
176094,KEKE,,
176357,One Foot,,
176532,God's Plan,,
176846,Finesse,Bruno Mars and Cardi B - Finesse (LIVE From The 60th GRAMMYs ®),4866576.0
177002,Look Alive,,
177285,MotorSport,"Migos, Nicki Minaj, Cardi B - MotorSport",4514272.0
177809,Freaky Friday,,
177822,Gummo,,
178051,Him & I,G-Eazy & Halsey - Him & I (Official Video),1554273.0
178065,Mine,Avicii - Friend Of Mine (Original Video) ft. Vargas & Lagola,965999.0
178187,Let You Down,NF - Let You Down,1774018.0
178562,In My Blood,Shawn Mendes - In My Blood,2822006.0
178620,King's Dead,"Jay Rock, Kendrick Lamar, Future, James Blake - King's Dead",4014741.0
178636,I Fall Apart,,
179057,Meant To Be,,
179092,How Long,,
179322,End Game,"Taylor Swift - End Game ft. Ed Sheeran, Future",14089954.0
179648,Friends,Camila Cabello - Real Friends (Audio),1796416.0
179781,One Number Away,Luke Combs - One Number Away (Lyric Video),20956.0
179879,Marry Me,Thomas Rhett - Marry Me,851835.0
180304,New Freezer,,
180529,Most People Are Good,,
180760,Lemon,,
180991,Love Lies,Khalid & Normani - Love Lies (Audio),464170.0
181012,Five More Minutes,,
181201,Nowadays,,
181242,No Excuses,Meghan Trainor - No Excuses,1034355.0
181245,Dura,,
181353,Like I Loved You,,
181424,El Farsante,,
181493,IDGAF,,
181577,Lights Down Low,,
181645,Echame La Culpa,,
181657,Hardaway,,
181713,Everyday,,
181787,La Modelo,,
181902,Losing Sleep,,
182085,I Like Me Better,,
182314,Narcos,,
182369,I Lived It,,
182541,MIC Drop,,
182730,God's Plan,,
183012,Finesse,Bruno Mars and Cardi B - Finesse (LIVE From The 60th GRAMMYs ®),4866576.0
183046,Gucci Gang,,
183311,Look Alive,,
183714,MotorSport,"Migos, Nicki Minaj, Cardi B - MotorSport",4514272.0
183867,Mine,Avicii - Friend Of Mine (Original Video) ft. Vargas & Lagola,965999.0
184035,No Limit,"G-Eazy - No Limit REMIX ft. A$AP Rocky, Cardi B, French Montana, Juicy J, Belly",5050147.0
184134,Him & I,G-Eazy & Halsey - Him & I (Official Video),1554273.0
184395,Let You Down,NF - Let You Down,1774018.0
184463,Gummo,,
184620,I Fall Apart,,
184815,Friends,Camila Cabello - Real Friends (Audio),1796416.0
185045,Meant To Be,,
185203,King's Dead,"Jay Rock, Kendrick Lamar, Future, James Blake - King's Dead",4014741.0
185355,How Long,,
185407,Outside Today,,
185415,Betrayed,,
185685,Candy Paint,,
185883,Red Roses,,
186055,Say Something,Justin Timberlake - Say Something (Official Video) ft. Chris Stapleton,2125929.0
186148,Rockstar,,
186282,Bad At Love,,
186842,Stir Fry,Migos - Stir Fry (Audio),487995.0
186968,Plain Jane,,
187128,Silence,,
187192,Ric Flair Drip,,
187269,Bartier Cardi,,
187467,All The Stars,"Kendrick Lamar, SZA - All The Stars (Audio)",1685423.0
187543,Roll In Peace,,
187597,Pills And Automobiles,,
187705,...Ready For It?,,
188016,Pick It Up,,
188185,Outside Today,,
188215,Betrayed,,
188243,Round Here Buzz,,
188330,Candy Paint,,
188722,Red Roses,,
188810,Rockstar,,
188907,Bad At Love,,
189205,Ric Flair Drip,,
189538,Silence,,
189639,Plain Jane,,
189659,All The Stars,"Kendrick Lamar, SZA - All The Stars (Audio)",1685423.0
189739,Stir Fry,Migos - Stir Fry (Audio),487995.0
189971,Pills And Automobiles,,
189974,Roll In Peace,,
190160,Bartier Cardi,,
190423,Candy Paint,,
190424,Pick It Up,,
190537,Betrayed,,
190591,...Ready For It?,,
190598,Outside Today,,
190801,Round Here Buzz,,
191076,Red Roses,,
191181,Rockstar,,
191199,Bad At Love,,
191369,Sorry Not Sorry,Demi Lovato - Sorry Not Sorry in the Live Lounge,131153.0
191457,Ric Flair Drip,,
191730,Bank Account,,
191759,Praying,,
191830,All The Stars,"Kendrick Lamar, SZA - All The Stars (Audio)",1685423.0
191836,Plain Jane,,
192039,Silence,,
192087,Roll In Peace,,
192189,Stir Fry,Migos - Stir Fry (Audio),487995.0
192201,Pills And Automobiles,,
192542,Pick It Up,,
192624,Bartier Cardi,,
192671,Betrayed,,
192771,Candy Paint,,
192881,Red Roses,,
193064,...Ready For It?,,
193255,Bodak Yellow (Money Moves),,
193262,Rockstar,,
193287,Bad At Love,,
193360,Sorry Not Sorry,Demi Lovato - Sorry Not Sorry in the Live Lounge,131153.0
193452,Ric Flair Drip,,
193502,Bank Account,,
193655,Rake It Up,,
193714,Praying,,
193861,Plain Jane,,
193959,Silence,,
194027,Roll In Peace,,
194107,Stir Fry,Migos - Stir Fry (Audio),487995.0
194644,Bartier Cardi,,
195124,Rockstar,,
195142,Bodak Yellow (Money Moves),,
195150,Bad At Love,,
195257,Sorry Not Sorry,Demi Lovato - Sorry Not Sorry in the Live Lounge,131153.0
195357,Ric Flair Drip,,
195370,Bank Account,,
195526,Rake It Up,,
195647,Praying,,
195661,Roll In Peace,,
195684,Plain Jane,,
195756,Stir Fry,Migos - Stir Fry (Audio),487995.0
195792,Silence,,
196255,Call Out My Name,The Weeknd - Call Out My Name (Official Video),7831865.0
196258,Chun-Li,Nicki Minaj - Chun-Li,5294561.0
196564,Say Something,Justin Timberlake - Say Something (Official Video) ft. Chris Stapleton,2125929.0
196661,River,Breaking Benjamin - Red Cold River (Audio Only),334173.0
196909,Outside Today,,
196993,Powerglide,,
198012,Ric Flair Drip,,
198678,Delicate,Taylor Swift - Delicate,14820746.0
199132,Rubbin Off The Paint,,
199409,Singles You Up,,
199432,Codeine Dreaming,,
199612,Billy,,
200008,Candy Paint,,
200123,Changes,,
200777,Betrayed,,
201010,Sit Next To Me,,
201040,She's With Me,,
201126,Red Roses,,
201297,Rewrite The Stars,,
201301,Pick It Up,,
201624,At The Club,,
201699,Corazon,,
202164,Psycho,,
202459,All The Stars,"Kendrick Lamar, SZA - All The Stars (Audio)",1685423.0
202574,Stir Fry,Migos - Stir Fry (Audio),487995.0
202706,Pray For Me,"The Weeknd, Kendrick Lamar - Pray For Me (Audio)",3070722.0
202863,Boo'd Up,,
203503,Plug Walk,,
203642,Bartier Cardi,,
203850,Sad!,,
203951,Be Careful,,
204274,Say Something,Justin Timberlake - Say Something (Official Video) ft. Chris Stapleton,2125929.0
204883,Call Out My Name,The Weeknd - Call Out My Name (Official Video),7831865.0
205107,River,Breaking Benjamin - Red Cold River (Audio Only),334173.0
205218,Powerglide,,
205227,Outside Today,,
206178,Ric Flair Drip,,
206222,Singles You Up,,
206232,Plain Jane,,
206237,Candy Paint,,
206752,Sad!,,
206873,Rubbin Off The Paint,,
207076,Pick It Up,,
207293,Round Here Buzz,,
207295,Sit Next To Me,,
207376,Betrayed,,
207470,Red Roses,,
207650,Codeine Dreaming,,
207898,Changes,,
208111,Rockstar,,
208268,Psycho,,
209096,All The Stars,"Kendrick Lamar, SZA - All The Stars (Audio)",1685423.0
209315,Stir Fry,Migos - Stir Fry (Audio),487995.0
209685,Plug Walk,,
209771,Pray For Me,"The Weeknd, Kendrick Lamar - Pray For Me (Audio)",3070722.0
210559,Bartier Cardi,,
210770,Powerglide,,
211102,Sad!,,
211275,Delicate,Taylor Swift - Delicate,14820746.0
211281,Say Something,Justin Timberlake - Say Something (Official Video) ft. Chris Stapleton,2125929.0
211419,Outside Today,,
211585,River,Breaking Benjamin - Red Cold River (Audio Only),334173.0
211695,Plain Jane,,
211854,Pills And Automobiles,,
211942,Ric Flair Drip,,
212088,Singles You Up,,
212435,Pick It Up,,
212452,Candy Paint,,
212590,Rubbin Off The Paint,,
212811,Round Here Buzz,,
212958,Betrayed,,
213089,Red Roses,,
213279,Codeine Dreaming,,
213727,Rockstar,,
214022,Psycho,,
214689,Stir Fry,Migos - Stir Fry (Audio),487995.0
215070,All The Stars,"Kendrick Lamar, SZA - All The Stars (Audio)",1685423.0
215362,Bad At Love,,
215372,...Ready For It?,,
215376,Pray For Me,"The Weeknd, Kendrick Lamar - Pray For Me (Audio)",3070722.0
215618,Plug Walk,,
216055,Sad!,,
216191,Bartier Cardi,,
216309,Powerglide,,
216847,Too Good At Goodbyes,,
216848,Too Good At Goodbyes,,
216849,Too Good At Goodbyes,,
216850,Too Good At Goodbyes,,
216851,Too Good At Goodbyes,,
216852,Too Good At Goodbyes,,
216853,Too Good At Goodbyes,,
216854,Too Good At Goodbyes,,
216855,Too Good At Goodbyes,,
216856,Too Good At Goodbyes,,
216857,Too Good At Goodbyes,,
216858,Too Good At Goodbyes,,
216859,Too Good At Goodbyes,,
216860,Too Good At Goodbyes,,
217259,Too Much To Ask,Niall Horan - Too Much To Ask (Acoustic),419341.0
217260,Too Much To Ask,Niall Horan - Too Much To Ask (Acoustic),419341.0
217261,Too Much To Ask,Niall Horan - Too Much To Ask (Acoustic),419341.0
217262,Too Much To Ask,Niall Horan - Too Much To Ask (Acoustic),419341.0
217263,Too Much To Ask,Niall Horan - Too Much To Ask (Acoustic),419341.0
217264,Too Much To Ask,Niall Horan - Too Much To Ask (Acoustic),419341.0
217265,Too Much To Ask,Niall Horan - Too Much To Ask (Acoustic),419341.0
217266,Too Much To Ask,Niall Horan - Too Much To Ask (Acoustic),419341.0
217563,Top Off,,
217564,Top Off,,
217565,Top Off,,
217566,Top Off,,
217567,Top Off,,
217568,Top Off,,
217569,Top Off,,
217774,Total Eclipse Of The Heart,,
218667,Transportin',,
218668,Transportin',,
218669,Transportin',,
218670,Transportin',,
219916,Try Me,,
219917,Try Me,,
223486,Unforgettable,,
223487,Unforgettable,,
223488,Unforgettable,,
223489,Unforgettable,,
223490,Unforgettable,,
223491,Unforgettable,,
223492,Unforgettable,,
223493,Unforgettable,,
223494,Unforgettable,,
223495,Unforgettable,,
223528,Unforgettable,,
223529,Unforgettable,,
223530,Unforgettable,,
223531,Unforgettable,,
223532,Unforgettable,,
223985,Untouchable,Eminem - Untouchable (Audio),3969182.0
224233,Up Down,,
224234,Up Down,,
224235,Up Down,,
224236,Up Down,,
224237,Up Down,,
224238,Up Down,,
224239,Up Down,,
224240,Up Down,,
226543,Wait,Maroon 5 - Wait,692807.0
226544,Wait,Maroon 5 - Wait,692807.0
226545,Wait,Maroon 5 - Wait,692807.0
226546,Wait,Maroon 5 - Wait,692807.0
226547,Wait,Maroon 5 - Wait,692807.0
226548,Wait,Maroon 5 - Wait,692807.0
226549,Wait,Maroon 5 - Wait,692807.0
226550,Wait,Maroon 5 - Wait,692807.0
226551,Wait,Maroon 5 - Wait,692807.0
226552,Wait,Maroon 5 - Wait,692807.0
226553,Wait,Maroon 5 - Wait,692807.0
226554,Wait,Maroon 5 - Wait,692807.0
226555,Wait,Maroon 5 - Wait,692807.0
226556,Wait,Maroon 5 - Wait,692807.0
226557,Wait,Maroon 5 - Wait,692807.0
226558,Wait,Maroon 5 - Wait,692807.0
226559,Wait,Maroon 5 - Wait,692807.0
226712,Wake Me Up!,,
226866,When We,When We're Together (From Olaf's Frozen Adventure/Official Lyric Video),154871.0
226867,When We,When We're Together (From Olaf's Frozen Adventure/Official Lyric Video),154871.0
226868,When We,When We're Together (From Olaf's Frozen Adventure/Official Lyric Video),154871.0
226869,When We,When We're Together (From Olaf's Frozen Adventure/Official Lyric Video),154871.0
226870,When We,When We're Together (From Olaf's Frozen Adventure/Official Lyric Video),154871.0
226871,When We,When We're Together (From Olaf's Frozen Adventure/Official Lyric Video),154871.0
226872,When We,When We're Together (From Olaf's Frozen Adventure/Official Lyric Video),154871.0
226873,When We,When We're Together (From Olaf's Frozen Adventure/Official Lyric Video),154871.0
226874,When We,When We're Together (From Olaf's Frozen Adventure/Official Lyric Video),154871.0
226875,When We,When We're Together (From Olaf's Frozen Adventure/Official Lyric Video),154871.0
226876,When We,When We're Together (From Olaf's Frozen Adventure/Official Lyric Video),154871.0
226877,When We,When We're Together (From Olaf's Frozen Adventure/Official Lyric Video),154871.0
226878,When We,When We're Together (From Olaf's Frozen Adventure/Official Lyric Video),154871.0
226879,When We,When We're Together (From Olaf's Frozen Adventure/Official Lyric Video),154871.0
226880,When We,When We're Together (From Olaf's Frozen Adventure/Official Lyric Video),154871.0
226881,When We,When We're Together (From Olaf's Frozen Adventure/Official Lyric Video),154871.0
226882,When We,When We're Together (From Olaf's Frozen Adventure/Official Lyric Video),154871.0
226883,When We,When We're Together (From Olaf's Frozen Adventure/Official Lyric Video),154871.0
226884,When We,When We're Together (From Olaf's Frozen Adventure/Official Lyric Video),154871.0
227133,Perfect,,
227203,Sky Walker,,
227330,Tell Me You Love Me,Demi Lovato - Tell Me You Love Me,6296393.0
227345,Beautiful Trauma,P!nk - Beautiful Trauma (Official Video),2484089.0
227347,Questions,,
227351,Rubbin Off The Paint,,
227366,Perfect,,
227438,Sky Walker,,
227558,Rubbin Off The Paint,,
227568,Beautiful Trauma,P!nk - Beautiful Trauma (Official Video),2484089.0
227575,Tell Me You Love Me,Demi Lovato - Tell Me You Love Me,6296393.0
227595,Perfect,,
227655,Sky Walker,,
227772,Tell Me You Love Me,Demi Lovato - Tell Me You Love Me,6296393.0
227791,Rubbin Off The Paint,,
227809,Beautiful Trauma,P!nk - Beautiful Trauma (Official Video),2484089.0
227822,Perfect,,
227885,Sky Walker,,
227981,Tell Me You Love Me,Demi Lovato - Tell Me You Love Me,6296393.0
228032,Perfect,,
228092,Sky Walker,,
228152,Tell Me You Love Me,Demi Lovato - Tell Me You Love Me,6296393.0
228235,Perfect,,
228300,Sky Walker,,
228356,Tell Me You Love Me,Demi Lovato - Tell Me You Love Me,6296393.0
228431,Perfect,,
228494,Sky Walker,,
228549,Tell Me You Love Me,Demi Lovato - Tell Me You Love Me,6296393.0
228604,Perfect,,
228662,Sky Walker,,
228665,Candy Paint,,
228762,Perfect,,
228821,Sky Walker,,
228849,Perfect,,
228904,Sky Walker,,
228938,Perfect,,
228994,Sky Walker,,
228997,Do Re Mi,,
229022,Perfect,,
229075,Do Re Mi,,
229081,Sky Walker,,
229097,Perfect,,
229150,Do Re Mi,,
229158,Sky Walker,,
229166,Perfect,,
229225,Perfect,,
229282,Perfect,,
229333,Perfect,,
229380,Perfect,,
229423,Perfect,,
229460,Perfect,,
229498,Perfect,,
229533,Perfect,,
229566,Perfect,,
229596,Perfect,,
229624,Perfect,,
229775,That's What I Like,,
229788,That's What I Like,,
229804,That's What I Like,,
229820,Congratulations,,
229822,That's What I Like,,
229834,Congratulations,,
229837,That's What I Like,,
229848,That's What I Like,,
229850,Congratulations,,
229857,That's What I Like,,
229863,Congratulations,,
229872,That's What I Like,,
229991,The Champion,Carrie Underwood - The Champion (Official Lyric Video) ft. Ludacris,396804.0
230101,All On Me,,
230103,Broken Halos,,
230156,All On Me,,
230221,All On Me,,
230265,All On Me,,
230308,All On Me,,
230349,All On Me,,
230392,All On Me,,
230430,All On Me,,
230471,All On Me,,
230477,Relationship,,
230505,All On Me,,
230509,Relationship,,
230536,All On Me,,
230563,All On Me,,
230573,Rubbin Off The Paint,,
230594,All On Me,,
230623,All On Me,,
230653,All On Me,,
230969,Broken Halos,,
230982,Broken Halos,,
230993,Broken Halos,,
231006,Broken Halos,,
231011,Broken Halos,,
231019,Broken Halos,,
231026,Broken Halos,,
231032,Broken Halos,,
231038,Broken Halos,,
231047,Broken Halos,,
231054,Broken Halos,,
231061,Broken Halos,,
231068,Broken Halos,,
231075,Broken Halos,,
231081,Broken Halos,,
231175,The Christmas Song (Merry Christmas To You),,
231176,The Christmas Song (Merry Christmas To You),,
231177,The Christmas Song (Merry Christmas To You),,
231192,All I Want For Christmas Is You,,
231193,Rockin' Around The Christmas Tree,,
231194,All I Want For Christmas Is You,,
231195,Rockin' Around The Christmas Tree,,
231196,All I Want For Christmas Is You,,
231197,Rockin' Around The Christmas Tree,,
231198,All I Want For Christmas Is You,,
231879,The Greatest Show,,
231880,The Greatest Show,,
231881,The Greatest Show,,
231882,The Greatest Show,,
233620,The Long Way,,
233621,The Long Way,,
233622,The Long Way,,
233623,The Long Way,,
233624,The Long Way,,
233625,The Long Way,,
233626,The Long Way,,
233627,The Long Way,,
233628,The Long Way,,
233629,The Long Way,,
233630,The Long Way,,
233631,The Long Way,,
234219,The Middle,dodie - In The Middle,236457.0
234220,The Middle,dodie - In The Middle,236457.0
234221,The Middle,dodie - In The Middle,236457.0
234222,The Middle,dodie - In The Middle,236457.0
234223,The Middle,dodie - In The Middle,236457.0
234224,The Middle,dodie - In The Middle,236457.0
234225,The Middle,dodie - In The Middle,236457.0
234226,The Middle,dodie - In The Middle,236457.0
234227,The Middle,dodie - In The Middle,236457.0
234228,The Middle,dodie - In The Middle,236457.0
234229,The Middle,dodie - In The Middle,236457.0
234230,The Middle,dodie - In The Middle,236457.0
234231,The Middle,dodie - In The Middle,236457.0
234232,The Middle,dodie - In The Middle,236457.0
234233,The Middle,dodie - In The Middle,236457.0
234234,The Middle,dodie - In The Middle,236457.0
235624,The Plan,G-Eazy - The Plan (Official Video),2642930.0
236009,The Race,,
236010,The Race,,
236011,The Race,,
236012,The Race,,
236013,The Race,,
236275,The Remedy For A Broken Heart (Why Am I So In Love),,
236276,The Remedy For A Broken Heart (Why Am I So In Love),,
236296,The Rest Of Our Life,,
239529,White Sand,,
242989,Window Pain (Outro),,
244476,Wolves,"Selena Gomez, Marshmello - Wolves",2959054.0
244477,Wolves,"Selena Gomez, Marshmello - Wolves",2959054.0
244478,Wolves,"Selena Gomez, Marshmello - Wolves",2959054.0
244479,Wolves,"Selena Gomez, Marshmello - Wolves",2959054.0
244480,Wolves,"Selena Gomez, Marshmello - Wolves",2959054.0
244481,Wolves,"Selena Gomez, Marshmello - Wolves",2959054.0
244482,Wolves,"Selena Gomez, Marshmello - Wolves",2959054.0
244483,Wolves,"Selena Gomez, Marshmello - Wolves",2959054.0
244484,Wolves,"Selena Gomez, Marshmello - Wolves",2959054.0
244485,Wolves,"Selena Gomez, Marshmello - Wolves",2959054.0
244486,Wolves,"Selena Gomez, Marshmello - Wolves",2959054.0
244487,Wolves,"Selena Gomez, Marshmello - Wolves",2959054.0
244488,Wolves,"Selena Gomez, Marshmello - Wolves",2959054.0
244489,Wolves,"Selena Gomez, Marshmello - Wolves",2959054.0
244490,Wolves,"Selena Gomez, Marshmello - Wolves",2959054.0
244491,Wolves,"Selena Gomez, Marshmello - Wolves",2959054.0
244492,Wolves,"Selena Gomez, Marshmello - Wolves",2959054.0
244493,Wolves,"Selena Gomez, Marshmello - Wolves",2959054.0
244494,Wolves,"Selena Gomez, Marshmello - Wolves",2959054.0
244623,"Woman, Amen",,
244624,"Woman, Amen",,
244625,"Woman, Amen",,
244626,"Woman, Amen",,
244627,"Woman, Amen",,
244628,"Woman, Amen",,
246341,Written In The Sand,,
246342,Written In The Sand,,
246343,Written In The Sand,,
246344,Written In The Sand,,
246345,Written In The Sand,,
246346,Written In The Sand,,
246347,Written In The Sand,,
246348,Written In The Sand,,
246349,Written In The Sand,,
246350,Written In The Sand,,
246351,Written In The Sand,,
246352,Written In The Sand,,
246353,Written In The Sand,,
246354,Written In The Sand,,
246355,Written In The Sand,,
246356,Written In The Sand,,
246357,Written In The Sand,,
246358,Written In The Sand,,
246359,Written In The Sand,,
246568,X,"G-Eazy - No Limit REMIX ft. A$AP Rocky, Cardi B, French Montana, Juicy J, Belly",5050147.0
246569,X,"G-Eazy - No Limit REMIX ft. A$AP Rocky, Cardi B, French Montana, Juicy J, Belly",5050147.0
246570,X,"G-Eazy - No Limit REMIX ft. A$AP Rocky, Cardi B, French Montana, Juicy J, Belly",5050147.0
246571,X,"G-Eazy - No Limit REMIX ft. A$AP Rocky, Cardi B, French Montana, Juicy J, Belly",5050147.0
246572,X,"G-Eazy - No Limit REMIX ft. A$AP Rocky, Cardi B, French Montana, Juicy J, Belly",5050147.0
246573,X,"G-Eazy - No Limit REMIX ft. A$AP Rocky, Cardi B, French Montana, Juicy J, Belly",5050147.0
246574,X,"G-Eazy - No Limit REMIX ft. A$AP Rocky, Cardi B, French Montana, Juicy J, Belly",5050147.0
246575,X,"G-Eazy - No Limit REMIX ft. A$AP Rocky, Cardi B, French Montana, Juicy J, Belly",5050147.0
246576,X,"G-Eazy - No Limit REMIX ft. A$AP Rocky, Cardi B, French Montana, Juicy J, Belly",5050147.0
246577,X,"G-Eazy - No Limit REMIX ft. A$AP Rocky, Cardi B, French Montana, Juicy J, Belly",5050147.0
246578,X,"G-Eazy - No Limit REMIX ft. A$AP Rocky, Cardi B, French Montana, Juicy J, Belly",5050147.0
246622,XO TOUR Llif3,,
246634,X,"G-Eazy - No Limit REMIX ft. A$AP Rocky, Cardi B, French Montana, Juicy J, Belly",5050147.0
246635,X,"G-Eazy - No Limit REMIX ft. A$AP Rocky, Cardi B, French Montana, Juicy J, Belly",5050147.0
246636,X,"G-Eazy - No Limit REMIX ft. A$AP Rocky, Cardi B, French Montana, Juicy J, Belly",5050147.0
246637,X,"G-Eazy - No Limit REMIX ft. A$AP Rocky, Cardi B, French Montana, Juicy J, Belly",5050147.0
246638,X,"G-Eazy - No Limit REMIX ft. A$AP Rocky, Cardi B, French Montana, Juicy J, Belly",5050147.0
246767,Ye vs The People,,
247089,Yes Indeed,,
247887,Walk It Talk It,,
247888,Walk It Talk It,,
247889,Walk It Talk It,,
247890,Walk It Talk It,,
247891,Walk It Talk It,,
247892,Walk It Talk It,,
247893,Walk It Talk It,,
247894,Walk It Talk It,,
247895,Walk It Talk It,,
247896,Walk It Talk It,,
247897,Walk It Talk It,,
247898,Walk It Talk It,,
247899,Walk It Talk It,,
247900,Walk It Talk It,,
247901,Walk It Talk It,,
247902,Walk It Talk It,,
248130,Walk On Water,Eminem - Walk On Water (Audio) ft. Beyoncé,17158531.0
248131,Walk On Water,Eminem - Walk On Water (Audio) ft. Beyoncé,17158531.0
248132,Walk On Water,Eminem - Walk On Water (Audio) ft. Beyoncé,17158531.0
248133,Walk On Water,Eminem - Walk On Water (Audio) ft. Beyoncé,17158531.0
249022,Want You Back,5 Seconds Of Summer - Want You Back (Audio),439056.0
249059,Wanted You,,
249060,Wanted You,,
249061,Wanted You,,
249062,Wanted You,,
249063,Wanted You,,
249064,Wanted You,,
249196,Warm It Up,,
249313,Wassup,,
249370,Wasted Times,,
249371,Wasted Times,,
249372,Wasted Times,,
249782,Watch,,
249783,Watch,,
253072,What About Us,,
253073,What About Us,,
253074,What About Us,,
253075,What About Us,,
253076,What About Us,,
253077,What About Us,,
253078,What About Us,,
254001,What Ifs,,
254363,What Lovers Do,Maroon 5 - What Lovers Do (Live On The Ellen DeGeneres Show/2017),762616.0
254364,What Lovers Do,Maroon 5 - What Lovers Do (Live On The Ellen DeGeneres Show/2017),762616.0
254365,What Lovers Do,Maroon 5 - What Lovers Do (Live On The Ellen DeGeneres Show/2017),762616.0
254366,What Lovers Do,Maroon 5 - What Lovers Do (Live On The Ellen DeGeneres Show/2017),762616.0
254367,What Lovers Do,Maroon 5 - What Lovers Do (Live On The Ellen DeGeneres Show/2017),762616.0
254368,What Lovers Do,Maroon 5 - What Lovers Do (Live On The Ellen DeGeneres Show/2017),762616.0
254369,What Lovers Do,Maroon 5 - What Lovers Do (Live On The Ellen DeGeneres Show/2017),762616.0
254370,What Lovers Do,Maroon 5 - What Lovers Do (Live On The Ellen DeGeneres Show/2017),762616.0
254371,What Lovers Do,Maroon 5 - What Lovers Do (Live On The Ellen DeGeneres Show/2017),762616.0
254372,What Lovers Do,Maroon 5 - What Lovers Do (Live On The Ellen DeGeneres Show/2017),762616.0
256031,Whatever It Takes,"Imagine Dragons, Miss Congeniality - Whatever It Takes (Miss Congeniality Remix/Audio)",433978.0
256032,Whatever It Takes,"Imagine Dragons, Miss Congeniality - Whatever It Takes (Miss Congeniality Remix/Audio)",433978.0
256033,Whatever It Takes,"Imagine Dragons, Miss Congeniality - Whatever It Takes (Miss Congeniality Remix/Audio)",433978.0
256034,Whatever It Takes,"Imagine Dragons, Miss Congeniality - Whatever It Takes (Miss Congeniality Remix/Audio)",433978.0
256035,Whatever It Takes,"Imagine Dragons, Miss Congeniality - Whatever It Takes (Miss Congeniality Remix/Audio)",433978.0
256036,Whatever It Takes,"Imagine Dragons, Miss Congeniality - Whatever It Takes (Miss Congeniality Remix/Audio)",433978.0
256037,Whatever It Takes,"Imagine Dragons, Miss Congeniality - Whatever It Takes (Miss Congeniality Remix/Audio)",433978.0
256038,Whatever It Takes,"Imagine Dragons, Miss Congeniality - Whatever It Takes (Miss Congeniality Remix/Audio)",433978.0
256039,Whatever It Takes,"Imagine Dragons, Miss Congeniality - Whatever It Takes (Miss Congeniality Remix/Audio)",433978.0
256040,Whatever It Takes,"Imagine Dragons, Miss Congeniality - Whatever It Takes (Miss Congeniality Remix/Audio)",433978.0
256041,Whatever It Takes,"Imagine Dragons, Miss Congeniality - Whatever It Takes (Miss Congeniality Remix/Audio)",433978.0
256042,Whatever It Takes,"Imagine Dragons, Miss Congeniality - Whatever It Takes (Miss Congeniality Remix/Audio)",433978.0
256043,Whatever It Takes,"Imagine Dragons, Miss Congeniality - Whatever It Takes (Miss Congeniality Remix/Audio)",433978.0
256044,Whatever It Takes,"Imagine Dragons, Miss Congeniality - Whatever It Takes (Miss Congeniality Remix/Audio)",433978.0
256045,Whatever It Takes,"Imagine Dragons, Miss Congeniality - Whatever It Takes (Miss Congeniality Remix/Audio)",433978.0
257166,When It Rains It Pours,,
257167,When It Rains It Pours,,
257168,When It Rains It Pours,,
257169,When It Rains It Pours,,
257170,When It Rains It Pours,,
259148,The Way Life Goes,,
259149,The Way Life Goes,,
259150,The Way Life Goes,,
259151,The Way Life Goes,,
259152,The Way Life Goes,,
259153,The Way Life Goes,,
259154,The Way Life Goes,,
259155,The Way Life Goes,,
259156,The Way Life Goes,,
259157,The Way Life Goes,,
259158,The Way Life Goes,,
259568,The Ways,,
259569,The Ways,,
259570,The Ways,,
259647,The Weekend,SZA x Calvin Harris - The Weekend (Funk Wav Remix (Audio)),506628.0
259648,The Weekend,SZA x Calvin Harris - The Weekend (Funk Wav Remix (Audio)),506628.0
259649,The Weekend,SZA x Calvin Harris - The Weekend (Funk Wav Remix (Audio)),506628.0
259650,The Weekend,SZA x Calvin Harris - The Weekend (Funk Wav Remix (Audio)),506628.0
259651,The Weekend,SZA x Calvin Harris - The Weekend (Funk Wav Remix (Audio)),506628.0
259652,The Weekend,SZA x Calvin Harris - The Weekend (Funk Wav Remix (Audio)),506628.0
259653,The Weekend,SZA x Calvin Harris - The Weekend (Funk Wav Remix (Audio)),506628.0
259654,The Weekend,SZA x Calvin Harris - The Weekend (Funk Wav Remix (Audio)),506628.0
259655,The Weekend,SZA x Calvin Harris - The Weekend (Funk Wav Remix (Audio)),506628.0
261665,There's Nothing Holdin' Me Back,Shawn Mendes - There's Nothing Holdin' Me Back (Live From The 2017 American Music Awards),496742.0
261666,There's Nothing Holdin' Me Back,Shawn Mendes - There's Nothing Holdin' Me Back (Live From The 2017 American Music Awards),496742.0
261667,There's Nothing Holdin' Me Back,Shawn Mendes - There's Nothing Holdin' Me Back (Live From The 2017 American Music Awards),496742.0
261668,There's Nothing Holdin' Me Back,Shawn Mendes - There's Nothing Holdin' Me Back (Live From The 2017 American Music Awards),496742.0
261669,There's Nothing Holdin' Me Back,Shawn Mendes - There's Nothing Holdin' Me Back (Live From The 2017 American Music Awards),496742.0
263240,This Is America,Childish Gambino - This Is America (Official Video),31648454.0
263241,This Is America,Childish Gambino - This Is America (Official Video),31648454.0
263500,This Is Me,,
263501,This Is Me,,
263502,This Is Me,,
263503,This Is Me,,
263504,This Is Me,,
263505,This Is Me,,
263506,This Is Me,,
263507,This Is Me,,
263508,This Is Me,,
263509,This Is Me,,
263510,This Is Me,,
263511,This Is Me,,
263512,This Is Me,,
263513,This Is Me,,
265126,Thru Your Phone,,
265127,Thru Your Phone,,
265128,Thru Your Phone,,
265244,Thunder/Young Dumb & Broke (Medley),,
265300,Thunder,Imagine Dragons - Thunder (Live On The Ellen DeGeneres Show/2017),400308.0
265301,Thunder,Imagine Dragons - Thunder (Live On The Ellen DeGeneres Show/2017),400308.0
265302,Thunder,Imagine Dragons - Thunder (Live On The Ellen DeGeneres Show/2017),400308.0
265303,Thunder,Imagine Dragons - Thunder (Live On The Ellen DeGeneres Show/2017),400308.0
265304,Thunder,Imagine Dragons - Thunder (Live On The Ellen DeGeneres Show/2017),400308.0
265305,Thunder,Imagine Dragons - Thunder (Live On The Ellen DeGeneres Show/2017),400308.0
265306,Thunder,Imagine Dragons - Thunder (Live On The Ellen DeGeneres Show/2017),400308.0
265307,Thunder,Imagine Dragons - Thunder (Live On The Ellen DeGeneres Show/2017),400308.0
265308,Thunder,Imagine Dragons - Thunder (Live On The Ellen DeGeneres Show/2017),400308.0
265309,Thunder,Imagine Dragons - Thunder (Live On The Ellen DeGeneres Show/2017),400308.0
265310,Thunder,Imagine Dragons - Thunder (Live On The Ellen DeGeneres Show/2017),400308.0
265311,Thunder,Imagine Dragons - Thunder (Live On The Ellen DeGeneres Show/2017),400308.0
265312,Thunder,Imagine Dragons - Thunder (Live On The Ellen DeGeneres Show/2017),400308.0
265313,Thunder,Imagine Dragons - Thunder (Live On The Ellen DeGeneres Show/2017),400308.0
265314,Thunder,Imagine Dragons - Thunder (Live On The Ellen DeGeneres Show/2017),400308.0
265315,Thunder,Imagine Dragons - Thunder (Live On The Ellen DeGeneres Show/2017),400308.0
265316,Thunder,Imagine Dragons - Thunder (Live On The Ellen DeGeneres Show/2017),400308.0
265317,Thunder,Imagine Dragons - Thunder (Live On The Ellen DeGeneres Show/2017),400308.0
265318,Thunder,Imagine Dragons - Thunder (Live On The Ellen DeGeneres Show/2017),400308.0
265319,Thunder,Imagine Dragons - Thunder (Live On The Ellen DeGeneres Show/2017),400308.0
265320,Thunder,Imagine Dragons - Thunder (Live On The Ellen DeGeneres Show/2017),400308.0
265321,Thunder,Imagine Dragons - Thunder (Live On The Ellen DeGeneres Show/2017),400308.0
265322,Thunder,Imagine Dragons - Thunder (Live On The Ellen DeGeneres Show/2017),400308.0
267908,Humble.,,
267948,New Rules,,
267975,Feel It Still,,
268027,Humble.,,
268074,New Rules,,
268088,Feel It Still,,
268143,Humble.,,
268186,Feel It Still,,
268188,New Rules,,
268235,Humble.,,
268274,Feel It Still,,
268283,New Rules,,
268365,Feel It Still,,
268368,New Rules,,
268440,Feel It Still,,
268441,New Rules,,
268494,New Rules,,
268510,Feel It Still,,
268565,Feel It Still,,
268611,Feel It Still,,
268667,Feel It Still,,
268957,It's The Most Wonderful Time Of The Year,,
268982,Never Be The Same,,
268996,For You (Fifty Shades Freed),"Liam Payne, Rita Ora - For You (Fifty Shades Freed)",2393825.0
269013,Heaven,Julia Michaels - Heaven,302698.0
269110,It's Everyday Bro,,
269131,No Smoke,,
269132,Female,Keith Urban - Female (Lyric Video),55467.0
269253,Legends,,
269294,It's The Most Wonderful Time Of The Year,,
269299,Last Christmas,,
269319,Never Be The Same,,
269328,Heaven,Julia Michaels - Heaven,302698.0
269374,No Smoke,,
269475,Krippy Kush,,
269512,For You (Fifty Shades Freed),"Liam Payne, Rita Ora - For You (Fifty Shades Freed)",2393825.0
269575,Female,Keith Urban - Female (Lyric Video),55467.0
269614,Legends,,
269668,Never Be The Same,,
269676,It's The Most Wonderful Time Of The Year,,
269726,Good Old Days,,
269753,No Smoke,,
269767,Krippy Kush,,
269768,Heaven,Julia Michaels - Heaven,302698.0
269798,Legends,,
269839,Mayores,,
270014,Get You,,
270018,Female,Keith Urban - Female (Lyric Video),55467.0
270048,Never Be The Same,,
270116,Good Old Days,,
270117,Heaven,Julia Michaels - Heaven,302698.0
270159,Mayores,,
270162,No Smoke,,
270211,Legends,,
270264,Krippy Kush,,
270355,Get You,,
270359,Female,Keith Urban - Female (Lyric Video),55467.0
270387,Never Be The Same,,
270472,Good Old Days,,
270483,Heaven,Julia Michaels - Heaven,302698.0
270533,No Smoke,,
270545,Mayores,,
270585,Legends,,
270644,Krippy Kush,,
270701,Never Be The Same,,
270778,Heaven,Julia Michaels - Heaven,302698.0
270780,No Smoke,,
270791,Good Old Days,,
270888,Mayores,,
270910,Legends,,
270918,Moonlight,,
271010,Never Be The Same,,
271069,Heaven,Julia Michaels - Heaven,302698.0
271100,Good Old Days,,
271109,Let Me Go,"Hailee Steinfeld, Alesso - Let Me Go ft. Florida Georgia Line, watt",751525.0
271169,No Smoke,,
271206,Legends,,
271215,Mayores,,
271227,Kooda,,
271314,Never Be The Same,,
271364,Let Me Go,"Hailee Steinfeld, Alesso - Let Me Go ft. Florida Georgia Line, watt",751525.0
271367,Heaven,Julia Michaels - Heaven,302698.0
271389,Good Old Days,,
271458,Legends,,
271459,No Smoke,,
271509,Mayores,,
271538,Go Flex,,
271584,Never Be The Same,,
271618,Heaven,Julia Michaels - Heaven,302698.0
271638,Let Me Go,"Hailee Steinfeld, Alesso - Let Me Go ft. Florida Georgia Line, watt",751525.0
271642,Good Old Days,,
271700,Legends,,
271733,No Smoke,,
271745,Mayores,,
271772,Go Flex,,
271824,Never Be The Same,,
271867,Heaven,Julia Michaels - Heaven,302698.0
271903,Good Old Days,,
271905,Let Me Go,"Hailee Steinfeld, Alesso - Let Me Go ft. Florida Georgia Line, watt",751525.0
271965,No Smoke,,
272005,Legends,,
272014,Mayores,,
272015,Go Flex,,
272060,Never Be The Same,,
272095,Heaven,Julia Michaels - Heaven,302698.0
272143,Good Old Days,,
272151,Let Me Go,"Hailee Steinfeld, Alesso - Let Me Go ft. Florida Georgia Line, watt",751525.0
272186,Fix A Drink,,
272193,No Smoke,,
272244,Mayores,,
272262,La Modelo,,
272300,Never Be The Same,,
272318,Heaven,Julia Michaels - Heaven,302698.0
272384,Let Me Go,"Hailee Steinfeld, Alesso - Let Me Go ft. Florida Georgia Line, watt",751525.0
272386,Good Old Days,,
272438,No Smoke,,
272444,Fix A Drink,,
272449,I Could Use A Love Song,,
272475,Mayores,,
272481,La Modelo,,
272499,Havana,Camila Cabello - Havana (Vertical Video) ft. Young Thug,5476737.0
272525,Never Be The Same,,
272543,Heaven,Julia Michaels - Heaven,302698.0
272568,Let Me Go,"Hailee Steinfeld, Alesso - Let Me Go ft. Florida Georgia Line, watt",751525.0
272620,Good Old Days,,
272663,I Could Use A Love Song,,
272666,No Smoke,,
272689,Fix A Drink,,
272698,Mayores,,
272699,La Modelo,,
272710,Havana,Camila Cabello - Havana (Vertical Video) ft. Young Thug,5476737.0
272729,Never Be The Same,,
272756,Heaven,Julia Michaels - Heaven,302698.0
272781,Let Me Go,"Hailee Steinfeld, Alesso - Let Me Go ft. Florida Georgia Line, watt",751525.0
272809,Good Old Days,,
272870,I Could Use A Love Song,,
272872,No Smoke,,
272894,Mayores,,
272908,Havana,Camila Cabello - Havana (Vertical Video) ft. Young Thug,5476737.0
272929,Never Be The Same,,
272959,Heaven,Julia Michaels - Heaven,302698.0
272986,Let Me Go,"Hailee Steinfeld, Alesso - Let Me Go ft. Florida Georgia Line, watt",751525.0
273005,Good Old Days,,
273056,No Smoke,,
273060,I Could Use A Love Song,,
273098,Havana,Camila Cabello - Havana (Vertical Video) ft. Young Thug,5476737.0
273115,Never Be The Same,,
273141,Heaven,Julia Michaels - Heaven,302698.0
273174,Let Me Go,"Hailee Steinfeld, Alesso - Let Me Go ft. Florida Georgia Line, watt",751525.0
273186,Good Old Days,,
273238,I Could Use A Love Song,,
273249,No Smoke,,
273280,Havana,Camila Cabello - Havana (Vertical Video) ft. Young Thug,5476737.0
273298,Never Be The Same,,
273326,Heaven,Julia Michaels - Heaven,302698.0
273358,Good Old Days,,
273362,Let Me Go,"Hailee Steinfeld, Alesso - Let Me Go ft. Florida Georgia Line, watt",751525.0
273415,I Could Use A Love Song,,
273453,Havana,Camila Cabello - Havana (Vertical Video) ft. Young Thug,5476737.0
273462,Never Be The Same,,
273496,Heaven,Julia Michaels - Heaven,302698.0
273527,Let Me Go,"Hailee Steinfeld, Alesso - Let Me Go ft. Florida Georgia Line, watt",751525.0
273535,Good Old Days,,
273561,I Could Use A Love Song,,
273605,Glorious,,
273620,Havana,Camila Cabello - Havana (Vertical Video) ft. Young Thug,5476737.0
273631,Never Be The Same,,
273646,Heaven,Julia Michaels - Heaven,302698.0
273694,Let Me Go,"Hailee Steinfeld, Alesso - Let Me Go ft. Florida Georgia Line, watt",751525.0
273709,I Could Use A Love Song,,
273773,Havana,Camila Cabello - Havana (Vertical Video) ft. Young Thug,5476737.0
273784,Never Be The Same,,
273793,Heaven,Julia Michaels - Heaven,302698.0
273832,Love.,,
273850,Let Me Go,"Hailee Steinfeld, Alesso - Let Me Go ft. Florida Georgia Line, watt",751525.0
273868,Havana,Camila Cabello - Havana (Vertical Video) ft. Young Thug,5476737.0
273920,Love.,,
273954,Havana,Camila Cabello - Havana (Vertical Video) ft. Young Thug,5476737.0
273987,Love.,,
274030,Havana,Camila Cabello - Havana (Vertical Video) ft. Young Thug,5476737.0
274058,Love.,,
274096,Havana,Camila Cabello - Havana (Vertical Video) ft. Young Thug,5476737.0
274119,Love.,,
274153,Havana,Camila Cabello - Havana (Vertical Video) ft. Young Thug,5476737.0
274155,Love.,,
274205,Havana,Camila Cabello - Havana (Vertical Video) ft. Young Thug,5476737.0
274212,Love.,,
274255,Havana,Camila Cabello - Havana (Vertical Video) ft. Young Thug,5476737.0
274260,Love.,,
274297,Havana,Camila Cabello - Havana (Vertical Video) ft. Young Thug,5476737.0
274301,Love.,,
274337,Havana,Camila Cabello - Havana (Vertical Video) ft. Young Thug,5476737.0
274340,Love.,,
274370,Havana,Camila Cabello - Havana (Vertical Video) ft. Young Thug,5476737.0
274374,Love.,,
274399,Havana,Camila Cabello - Havana (Vertical Video) ft. Young Thug,5476737.0
274400,Love.,,
274426,Havana,Camila Cabello - Havana (Vertical Video) ft. Young Thug,5476737.0
274427,Love.,,
274454,Love.,,
274456,Havana,Camila Cabello - Havana (Vertical Video) ft. Young Thug,5476737.0
274479,Havana,Camila Cabello - Havana (Vertical Video) ft. Young Thug,5476737.0
274480,Love.,,
274502,Havana,Camila Cabello - Havana (Vertical Video) ft. Young Thug,5476737.0
274505,Love.,,
274526,Havana,Camila Cabello - Havana (Vertical Video) ft. Young Thug,5476737.0
274529,Love.,,
274542,Havana,Camila Cabello - Havana (Vertical Video) ft. Young Thug,5476737.0
274547,Love.,,
274556,Havana,Camila Cabello - Havana (Vertical Video) ft. Young Thug,5476737.0
274563,Love.,,
274822,Get You,,
274830,Female,Keith Urban - Female (Lyric Video),55467.0
275183,Mayores,,
275207,Mayores,,
275815,Sad!,,
275886,Chun-Li,Nicki Minaj - Chun-Li,5294561.0
275976,Bartier Cardi,,
276482,Plug Walk,,
276486,Be Careful,,
276763,Say Something,Justin Timberlake - Say Something (Official Video) ft. Chris Stapleton,2125929.0
277081,All The Stars,"Kendrick Lamar, SZA - All The Stars (Audio)",1685423.0
277085,Call Out My Name,The Weeknd - Call Out My Name (Official Video),7831865.0
277315,Powerglide,,
277630,Outside Today,,
277726,Boo'd Up,,
278596,River,Breaking Benjamin - Red Cold River (Audio Only),334173.0
278973,Rubbin Off The Paint,,
279157,Ric Flair Drip,,
279559,Stir Fry,Migos - Stir Fry (Audio),487995.0
279722,Delicate,Taylor Swift - Delicate,14820746.0
280131,Billy,,
280258,Changes,,
280813,Singles You Up,,
281104,Codeine Dreaming,,
281305,Candy Paint,,
281890,Betrayed,,
282129,Pick It Up,,
282196,Red Roses,,
282400,Sit Next To Me,,
282453,Rewrite The Stars,,
282518,She's With Me,,
282733,44 More,,
282821,At The Club,,
283139,Booty,,
283173,Diamond Teeth Samurai,,
283293,Best Friend,,
283424,Corazon,,
283609,Psycho,,
283964,Pray For Me,"The Weeknd, Kendrick Lamar - Pray For Me (Audio)",3070722.0
284089,All The Stars,"Kendrick Lamar, SZA - All The Stars (Audio)",1685423.0
284319,Stir Fry,Migos - Stir Fry (Audio),487995.0
284730,Boo'd Up,,
284733,Sad!,,
284834,Bartier Cardi,,
285229,Plug Walk,,
285424,Crew,,
285705,Rockstar,,
285719,Bodak Yellow (Money Moves),,
285766,Bad At Love,,
285871,Sorry Not Sorry,Demi Lovato - Sorry Not Sorry in the Live Lounge,131153.0
285948,Ric Flair Drip,,
286016,Bank Account,,
286103,Roll In Peace,,
286126,Rake It Up,,
286221,Plain Jane,,
286337,Silence,,
286563,Rockstar,,
286578,Bodak Yellow (Money Moves),,
286668,Bad At Love,,
286707,Sorry Not Sorry,Demi Lovato - Sorry Not Sorry in the Live Lounge,131153.0
286820,Ric Flair Drip,,
286827,Bank Account,,
286990,Roll In Peace,,
287038,Plain Jane,,
287280,Bodak Yellow (Money Moves),,
287295,Rockstar,,
287355,Bad At Love,,
287397,Sorry Not Sorry,Demi Lovato - Sorry Not Sorry in the Live Lounge,131153.0
287498,Bank Account,,
287545,Ric Flair Drip,,
287690,Plain Jane,,
287691,Roll In Peace,,
287856,Bodak Yellow (Money Moves),,
287878,Rockstar,,
287911,Sorry Not Sorry,Demi Lovato - Sorry Not Sorry in the Live Lounge,131153.0
287969,Bad At Love,,
288075,Bank Account,,
288208,Ric Flair Drip,,
288264,Roll In Peace,,
288371,Bodak Yellow (Money Moves),,
288440,Rockstar,,
288472,Sorry Not Sorry,Demi Lovato - Sorry Not Sorry in the Live Lounge,131153.0
288523,Bad At Love,,
288577,Strip That Down,,
288632,Bank Account,,
288694,Ric Flair Drip,,
288856,Bodak Yellow (Money Moves),,
288891,Rockstar,,
288939,Bad At Love,,
288950,Sorry Not Sorry,Demi Lovato - Sorry Not Sorry in the Live Lounge,131153.0
289016,Strip That Down,,
289031,Ric Flair Drip,,
289041,Bank Account,,
289237,Bodak Yellow (Money Moves),,
289255,Rockstar,,
289338,Sorry Not Sorry,Demi Lovato - Sorry Not Sorry in the Live Lounge,131153.0
289346,Bad At Love,,
289383,Ric Flair Drip,,
289411,Strip That Down,,
289449,Bank Account,,
289518,1-800-273-8255,,
289579,Bodak Yellow (Money Moves),,
289592,Rockstar,,
289667,Slow Hands,,
289678,Bad At Love,,
289709,Sorry Not Sorry,Demi Lovato - Sorry Not Sorry in the Live Lounge,131153.0
289806,1-800-273-8255,,
289853,Attention,,
289857,Bodak Yellow (Money Moves),,
289874,Rockstar,,
289941,Sorry Not Sorry,Demi Lovato - Sorry Not Sorry in the Live Lounge,131153.0
289954,Slow Hands,,
289963,Bad At Love,,
290052,1-800-273-8255,,
290070,Bodak Yellow (Money Moves),,
290123,Attention,,
290130,Rockstar,,
290176,Sorry Not Sorry,Demi Lovato - Sorry Not Sorry in the Live Lounge,131153.0
290217,Bad At Love,,
290229,Slow Hands,,
290246,Rockstar,,
290269,1-800-273-8255,,
290293,Bodak Yellow (Money Moves),,
290322,Attention,,
290370,Sorry Not Sorry,Demi Lovato - Sorry Not Sorry in the Live Lounge,131153.0
290413,Bad At Love,,
290435,Rockstar,,
290459,1-800-273-8255,,
290499,Bodak Yellow (Money Moves),,
290516,Attention,,
290557,Sorry Not Sorry,Demi Lovato - Sorry Not Sorry in the Live Lounge,131153.0
290603,Rockstar,,
290649,1-800-273-8255,,
290678,Bodak Yellow (Money Moves),,
290687,Attention,,
290714,Sorry Not Sorry,Demi Lovato - Sorry Not Sorry in the Live Lounge,131153.0
290780,1-800-273-8255,,
290806,Attention,,
290836,Sorry Not Sorry,Demi Lovato - Sorry Not Sorry in the Live Lounge,131153.0
290904,Attention,,
290941,1-800-273-8255,,
291038,Attention,,
291056,1-800-273-8255,,
291145,Attention,,
291149,1-800-273-8255,,
291194,1-800-273-8255,,
291237,Attention,,
291240,Something Just Like This,,
291294,1-800-273-8255,,
291342,Believer,,
291371,1-800-273-8255,,
291400,Believer,,
291457,Believer,,
291499,Despacito,,
291508,Believer,,
291539,Despacito,,
291548,Shape Of You,,
291553,Believer,,
291575,Despacito,,
291577,Believer,,
291584,Shape Of You,,
291606,Believer,,
291610,Shape Of You,,
291616,Despacito,,
291636,Shape Of You,,
291640,Believer,,
291642,Despacito,,
291661,Shape Of You,,
291663,Believer,,
291666,Despacito,,
291683,Shape Of You,,
291687,Despacito,,
291689,Believer,,
291706,Shape Of You,,
291710,Believer,,
291713,Despacito,,
291725,Shape Of You,,
291742,Shape Of You,,
291752,Shape Of You,,
291760,Shape Of You,,
291768,Shape Of You,,
291775,Shape Of You,,
291781,Shape Of You,,
291807,A Holly Jolly Christmas,,
291811,Tell Me You Love Me,Demi Lovato - Tell Me You Love Me,6296393.0
291813,The Champion,Carrie Underwood - The Champion (Official Lyric Video) ft. Ludacris,396804.0
291867,Pull Up N Wreck,,
291883,Dark Knight Dummo,,
291884,Broken Clocks,,
291920,Tequila,,
291962,Sativa,Jhené Aiko - Sativa ft. Rae Sremmurd,1063246.0
291980,Alone,"Halsey - Alone (Audio) ft. Big Sean, Stefflon Don",627239.0
292000,All On Me,,
292020,Tempo,,
292034,Criminal,,
292122,Rock,"G-Eazy - No Limit REMIX ft. A$AP Rocky, Cardi B, French Montana, Juicy J, Belly",5050147.0
292147,Supplies,Justin Timberlake - Supplies (Official Video),2314738.0
292156,A Holly Jolly Christmas,,
292216,Tequila,,
292267,Sativa,Jhené Aiko - Sativa ft. Rae Sremmurd,1063246.0
292269,Tell Me You Love Me,Demi Lovato - Tell Me You Love Me,6296393.0
292301,Dark Knight Dummo,,
292377,All On Me,,
292398,Tempo,,
292438,Broken Halos,,
292450,Beautiful Trauma,P!nk - Beautiful Trauma (Official Video),2484089.0
292451,Cry Pretty,Carrie Underwood - Cry Pretty (Official Music Video),945426.0
292457,Rock,"G-Eazy - No Limit REMIX ft. A$AP Rocky, Cardi B, French Montana, Juicy J, Belly",5050147.0
292478,Broken Clocks,,
292496,Criminal,,
292513,Alone,"Halsey - Alone (Audio) ft. Big Sean, Stefflon Don",627239.0
292564,A Holly Jolly Christmas,,
292619,Tequila,,
292666,Sativa,Jhené Aiko - Sativa ft. Rae Sremmurd,1063246.0
292694,Tell Me You Love Me,Demi Lovato - Tell Me You Love Me,6296393.0
292738,Barbie Tingz,,
292754,Ask Me How I Know,,
292785,Tempo,,
292825,Alone,"Halsey - Alone (Audio) ft. Big Sean, Stefflon Don",627239.0
292869,Rock,"G-Eazy - No Limit REMIX ft. A$AP Rocky, Cardi B, French Montana, Juicy J, Belly",5050147.0
292883,Broken Clocks,,
292888,All On Me,,
292889,Broken Halos,,
292918,Beautiful Trauma,P!nk - Beautiful Trauma (Official Video),2484089.0
292923,Dark Knight Dummo,,
293066,Tell Me You Love Me,Demi Lovato - Tell Me You Love Me,6296393.0
293092,Ask Me How I Know,,
293094,Tequila,,
293128,Sativa,Jhené Aiko - Sativa ft. Rae Sremmurd,1063246.0
293164,Alone,"Halsey - Alone (Audio) ft. Big Sean, Stefflon Don",627239.0
293221,Beautiful Trauma,P!nk - Beautiful Trauma (Official Video),2484089.0
293274,Dark Knight Dummo,,
293288,Rock,"G-Eazy - No Limit REMIX ft. A$AP Rocky, Cardi B, French Montana, Juicy J, Belly",5050147.0
293372,Tell Me You Love Me,Demi Lovato - Tell Me You Love Me,6296393.0
293383,Tequila,,
293457,Ask Me How I Know,,
293565,Sativa,Jhené Aiko - Sativa ft. Rae Sremmurd,1063246.0
293569,Beautiful Trauma,P!nk - Beautiful Trauma (Official Video),2484089.0
293615,Dark Knight Dummo,,
293762,Tequila,,
293812,Tell Me You Love Me,Demi Lovato - Tell Me You Love Me,6296393.0
293854,Beautiful Trauma,P!nk - Beautiful Trauma (Official Video),2484089.0
293897,Sativa,Jhené Aiko - Sativa ft. Rae Sremmurd,1063246.0
293919,Ask Me How I Know,,
293926,Corazon,,
294087,Sky Walker,,
294100,Tequila,,
294162,Tell Me You Love Me,Demi Lovato - Tell Me You Love Me,6296393.0
294209,Beautiful Trauma,P!nk - Beautiful Trauma (Official Video),2484089.0
294232,Sativa,Jhené Aiko - Sativa ft. Rae Sremmurd,1063246.0
294234,Corazon,,
294369,Tequila,,
294382,Sky Walker,,
294467,Tell Me You Love Me,Demi Lovato - Tell Me You Love Me,6296393.0
294483,Beautiful Trauma,P!nk - Beautiful Trauma (Official Video),2484089.0
294510,Sativa,Jhené Aiko - Sativa ft. Rae Sremmurd,1063246.0
294528,Corazon,,
294631,Tequila,,
294661,Sky Walker,,
294748,Tell Me You Love Me,Demi Lovato - Tell Me You Love Me,6296393.0
294763,Beautiful Trauma,P!nk - Beautiful Trauma (Official Video),2484089.0
294766,Sativa,Jhené Aiko - Sativa ft. Rae Sremmurd,1063246.0
294874,Sky Walker,,
295010,Tell Me You Love Me,Demi Lovato - Tell Me You Love Me,6296393.0
295014,Beautiful Trauma,P!nk - Beautiful Trauma (Official Video),2484089.0
295077,Perfect,,
295137,Sky Walker,,
295241,Tell Me You Love Me,Demi Lovato - Tell Me You Love Me,6296393.0
295290,Beautiful Trauma,P!nk - Beautiful Trauma (Official Video),2484089.0
295295,Questions,,
295413,Ric Flair Drip,,
296007,Delicate,Taylor Swift - Delicate,14820746.0
296418,Singles You Up,,
296552,Rubbin Off The Paint,,
296603,Candy Paint,,
296848,Codeine Dreaming,,
297159,Billy,,
297222,Changes,,
297581,Betrayed,,
297640,Pick It Up,,
297678,Red Roses,,
298007,Sit Next To Me,,
298018,She's With Me,,
298162,Smooth,,
298303,At The Club,,
298409,Rewrite The Stars,,
298797,Psycho,,
300204,You Broke Up With Me,,
300205,You Broke Up With Me,,
300206,You Broke Up With Me,,
300207,You Broke Up With Me,,
300208,You Broke Up With Me,,
300209,You Broke Up With Me,,
300210,You Broke Up With Me,,
300211,You Broke Up With Me,,
300212,You Broke Up With Me,,
300213,You Broke Up With Me,,
300214,You Broke Up With Me,,
300215,You Broke Up With Me,,
300216,You Broke Up With Me,,
300217,You Broke Up With Me,,
300218,You Broke Up With Me,,
302377,You Make It Easy,Jason Aldean - You Make It Easy (Lyric Video),340354.0
302378,You Make It Easy,Jason Aldean - You Make It Easy (Lyric Video),340354.0
302379,You Make It Easy,Jason Aldean - You Make It Easy (Lyric Video),340354.0
302380,You Make It Easy,Jason Aldean - You Make It Easy (Lyric Video),340354.0
302381,You Make It Easy,Jason Aldean - You Make It Easy (Lyric Video),340354.0
302382,You Make It Easy,Jason Aldean - You Make It Easy (Lyric Video),340354.0
302383,You Make It Easy,Jason Aldean - You Make It Easy (Lyric Video),340354.0
302384,You Make It Easy,Jason Aldean - You Make It Easy (Lyric Video),340354.0
302385,You Make It Easy,Jason Aldean - You Make It Easy (Lyric Video),340354.0
302386,You Make It Easy,Jason Aldean - You Make It Easy (Lyric Video),340354.0
302387,You Make It Easy,Jason Aldean - You Make It Easy (Lyric Video),340354.0
302388,You Make It Easy,Jason Aldean - You Make It Easy (Lyric Video),340354.0
302389,You Make It Easy,Jason Aldean - You Make It Easy (Lyric Video),340354.0
302390,You Make It Easy,Jason Aldean - You Make It Easy (Lyric Video),340354.0
302391,You Make It Easy,Jason Aldean - You Make It Easy (Lyric Video),340354.0
302392,You Make It Easy,Jason Aldean - You Make It Easy (Lyric Video),340354.0
306140,Young Dumb & Broke,"Imagine Dragons, Khalid - Thunder / Young Dumb & Broke (Medley/Audio)",783674.0
306141,Young Dumb & Broke,"Imagine Dragons, Khalid - Thunder / Young Dumb & Broke (Medley/Audio)",783674.0
306142,Young Dumb & Broke,"Imagine Dragons, Khalid - Thunder / Young Dumb & Broke (Medley/Audio)",783674.0
306143,Young Dumb & Broke,"Imagine Dragons, Khalid - Thunder / Young Dumb & Broke (Medley/Audio)",783674.0
306144,Young Dumb & Broke,"Imagine Dragons, Khalid - Thunder / Young Dumb & Broke (Medley/Audio)",783674.0
306145,Young Dumb & Broke,"Imagine Dragons, Khalid - Thunder / Young Dumb & Broke (Medley/Audio)",783674.0
306146,Young Dumb & Broke,"Imagine Dragons, Khalid - Thunder / Young Dumb & Broke (Medley/Audio)",783674.0
306147,Young Dumb & Broke,"Imagine Dragons, Khalid - Thunder / Young Dumb & Broke (Medley/Audio)",783674.0
306148,Young Dumb & Broke,"Imagine Dragons, Khalid - Thunder / Young Dumb & Broke (Medley/Audio)",783674.0
306149,Young Dumb & Broke,"Imagine Dragons, Khalid - Thunder / Young Dumb & Broke (Medley/Audio)",783674.0
306150,Young Dumb & Broke,"Imagine Dragons, Khalid - Thunder / Young Dumb & Broke (Medley/Audio)",783674.0
306151,Young Dumb & Broke,"Imagine Dragons, Khalid - Thunder / Young Dumb & Broke (Medley/Audio)",783674.0
306152,Young Dumb & Broke,"Imagine Dragons, Khalid - Thunder / Young Dumb & Broke (Medley/Audio)",783674.0
306153,Young Dumb & Broke,"Imagine Dragons, Khalid - Thunder / Young Dumb & Broke (Medley/Audio)",783674.0
306154,Young Dumb & Broke,"Imagine Dragons, Khalid - Thunder / Young Dumb & Broke (Medley/Audio)",783674.0
306155,Young Dumb & Broke,"Imagine Dragons, Khalid - Thunder / Young Dumb & Broke (Medley/Audio)",783674.0
306156,Young Dumb & Broke,"Imagine Dragons, Khalid - Thunder / Young Dumb & Broke (Medley/Audio)",783674.0
306157,Young Dumb & Broke,"Imagine Dragons, Khalid - Thunder / Young Dumb & Broke (Medley/Audio)",783674.0
307230,Yours,Train - Have Yourself a Merry Little Christmas,30021.0
307231,Yours,Train - Have Yourself a Merry Little Christmas,30021.0
307232,Yours,Train - Have Yourself a Merry Little Christmas,30021.0
307233,Yours,Train - Have Yourself a Merry Little Christmas,30021.0
307234,Yours,Train - Have Yourself a Merry Little Christmas,30021.0
307235,Yours,Train - Have Yourself a Merry Little Christmas,30021.0
307236,Yours,Train - Have Yourself a Merry Little Christmas,30021.0
307237,Yours,Train - Have Yourself a Merry Little Christmas,30021.0
307238,Yours,Train - Have Yourself a Merry Little Christmas,30021.0
307239,Yours,Train - Have Yourself a Merry Little Christmas,30021.0
307240,Yours,Train - Have Yourself a Merry Little Christmas,30021.0
307241,Yours,Train - Have Yourself a Merry Little Christmas,30021.0
307242,Yours,Train - Have Yourself a Merry Little Christmas,30021.0
307243,Yours,Train - Have Yourself a Merry Little Christmas,30021.0
307244,Yours,Train - Have Yourself a Merry Little Christmas,30021.0
307299,Youth,Shawn Mendes - Youth (Lyric Video) ft. Khalid,2530830.0
307320,Yuck,,
307341,Zack And Codeine,,
307342,Zack And Codeine,,
307343,Zack And Codeine,,
307410,Zombie,,
307411,Zombie,,
307412,Zombie,,
307413,Zombie,,
307414,Zombie,,
307415,Zombie,,
307416,Zombie,,
307417,Zombie,,
307418,Zombie,,
307419,Zombie,,
307833,Same Bitches,,
308127,She's With Me,,
308172,Takin' Shots,,
308178,Sick Boy,The Chainsmokers - Sick Boy,1448694.0
308261,92 Explorer,,
308373,Best Life,,
308522,Psycho,,
308646,Sad!,,
308647,Pray For Me,"The Weeknd, Kendrick Lamar - Pray For Me (Audio)",3070722.0
308933,Bartier Cardi,,
309078,Call Out My Name,The Weeknd - Call Out My Name (Official Video),7831865.0
309326,Be Careful,,
309831,Say Something,Justin Timberlake - Say Something (Official Video) ft. Chris Stapleton,2125929.0
310632,Te Bote,,
310697,Powerglide,,
310727,Changes,,
310750,Outside Today,,
311145,River,Breaking Benjamin - Red Cold River (Audio Only),334173.0
311512,Rubbin Off The Paint,,
311513,Delicate,Taylor Swift - Delicate,14820746.0
311768,Plug Walk,,
311990,Chun-Li,Nicki Minaj - Chun-Li,5294561.0
312585,All The Stars,"Kendrick Lamar, SZA - All The Stars (Audio)",1685423.0
312590,Ric Flair Drip,,
312808,Boo'd Up,,
313052,Dame Tu Cosita,,
313630,Stir Fry,Migos - Stir Fry (Audio),487995.0
313649,Billy,,
313922,ATM,,
314387,OTW,,
314686,Betrayed,,
314785,Singles You Up,,
314919,44 More,,
314922,Codeine Dreaming,,
315409,Pick It Up,,
315820,Rewrite The Stars,,
315970,Candy Paint,,
316042,Sit Next To Me,,
316136,Red Roses,,
316645,Ring,,
316685,At The Club,,
316881,Booty,,
316890,Best Friend,,
316989,She's With Me,,
317073,Paramedic!,,
317161,Corazon,,
317250,Diamond Teeth Samurai,,
317475,Patek Water,,
317660,Psycho,,
